year,state,district,season,crop,soil_type,soil_ph,water_required,area,production,productivity,average_annual_rainfall,Temperature,Humidity,Rainfall
2015-16,Maharashtra,Ahmednagar,Kharif,Jowar,BLACK,6.918692921101971,3102033.9556108145,9.500203863470814,6.058340326710254,637.7063496505741,589.5404450238213,27.806141617203306,19.860915607505884,0
2015-16,Maharashtra,Ahmednagar,Kharif,Bajra,BLACK,7.018552855473021,2903083.5892735096,1459.1322153626618,2218.479688037229,1520.4103265486704,554.1824218760878,27.20606941877196,20.46292893239671,0
2015-16,Maharashtra,Ahmednagar,Kharif,Ragi,BLACK,7.0514776474942655,2952614.1903197486,1.2847964479016525,0.9269468662259462,721.4737149529396,538.964353838517,28.037547095855533,19.7319388593945,0
2015-16,Maharashtra,Akola,Kharif,Jowar,BLACK,6.977314382469465,3086430.9735533698,60.31076717349126,48.383760024435006,802.2408318112292,832.6086530857999,28.407996209632685,18.17929553258354,0
2015-16,Maharashtra,Akola,Kharif,Bajra,BLACK,7.072862541929151,3063024.9841948645,0.9777467606983914,0.4647401273815867,475.3174810312121,793.0833210529198,28.060590735271315,19.696063744326956,0
2015-16,Maharashtra,Amravati,Kharif,Jowar,BLACK,7.159036046556558,3024617.483859231,130.5073877764184,96.26005753572848,737.5832064054376,975.1142034811272,28.378930924263024,17.713609317770196,0
2015-16,Maharashtra,Amravati,Kharif,Bajra,BLACK,7.162152702303216,2988439.4337020693,0.0097791283554965,0.0048350615556327,494.4266380259855,964.2216802547698,28.93205847451772,16.465175849618305,0
2015-16,Maharashtra,Aurangabad,Kharif,Jowar,BLACK,6.9635946932817205,2717419.709700645,8.217039614712338,10.845245490928397,1319.8482664620897,745.5772173275577,30.424576362628464,40.14824648780441,0
2015-16,Maharashtra,Aurangabad,Kharif,Bajra,BLACK,7.186097780229241,3086958.9217301807,504.3091140085056,858.5297995820165,1702.3880309399617,732.4075749659469,30.021212845775278,42.35194646219635,0
2015-16,Maharashtra,Beed,Kharif,Jowar,BLACK,7.192043984662476,2956745.5297708143,67.2045826377423,34.28702948284041,510.1888611921042,702.9073571990676,28.60350772056529,20.849110528105413,0
2015-16,Maharashtra,Beed,Kharif,Bajra,BLACK,6.976255122583738,3098794.3407253507,456.7553676461207,729.9818063105868,1598.189880225235,657.7799565336892,28.257989303887065,22.702568708797028,0
2015-16,Maharashtra,Buldhana,Kharif,Jowar,BLACK,7.012099879988725,3154591.9053342817,89.75366851681616,93.6986237542581,1043.9531364303266,755.4616985212675,26.803709353157377,17.460492771803665,0
2015-16,Maharashtra,Buldhana,Kharif,Bajra,BLACK,6.8379226515060205,2712351.7570223035,17.740925523672008,7.530248213838647,424.45633424202776,785.7506276453772,26.96892250902057,17.887429378665495,0
2015-16,Maharashtra,Chandrapur,Kharif,Jowar,RED,5.822278038007726,3640985.38175218,5.122989263639553,2.6008643903813176,507.6849192015623,1289.6131979557558,31.140963750193865,15.832852228069262,0
2015-16,Maharashtra,Dhule,Kharif,Jowar,BLACK,7.153463986214423,3071978.8713510325,97.53946896450178,130.1804985599681,1334.6443233902123,592.3941534894377,27.956857378564354,22.02945480114764,0
2015-16,Maharashtra,Dhule,Kharif,Bajra,BLACK,7.193424975625433,2923970.164299233,477.3070830639836,518.7687392729026,1086.8657886716528,581.2996111958147,28.183311680833857,24.03117394811813,0
2015-16,Maharashtra,Dhule,Kharif,Ragi,BLACK,6.921401323101864,3218835.843479563,15.06503839509946,13.157010116651024,873.3472674673633,573.5636207276468,27.96023312161469,23.61063774896234,0
2015-16,Maharashtra,Gadchiroli,Kharif,Jowar,RED,5.899696566956158,3600773.491533606,0.1588507362596522,0.0775327435231963,488.085515678466,1430.331494712172,,,0
2015-16,Maharashtra,Gadchiroli,Kharif,Ragi,RED,5.917229981544993,3960554.077597262,0.0957094922386777,0.1061334671751138,1108.9126552927594,1417.0878213523742,,,0
2015-16,Maharashtra,Hingoli,Kharif,Jowar,BLACK,6.900070503331733,2941789.9443083783,457.25714750454006,83.25002002329065,182.06390097481,874.9000626971927,29.002185397759146,18.392487705206104,0
2015-16,Maharashtra,Hingoli,Kharif,Bajra,BLACK,7.130427121348994,3143461.637143925,0.0747759227805277,0.0313505331091037,419.2597288450672,887.0616624112745,29.34567000135445,20.554516245797693,0
2015-16,Maharashtra,Jalgaon,Kharif,Jowar,BLACK,6.894129199451312,3099516.7222792804,368.1065933955917,562.3477180191506,1527.676298410701,737.0293718436737,28.926425150134623,18.78087089029584,0
2015-16,Maharashtra,Jalgaon,Kharif,Bajra,BLACK,7.003073524032689,2714191.3923922614,105.78279302733736,121.65266671406954,1150.0232054057312,732.5459763261426,28.57136500478654,19.10934578079039,0
2015-16,Maharashtra,Jalna,Kharif,Jowar,BLACK,7.121927870633241,2743334.889161511,4.589479994658987,10.092992145791868,2199.1581088789144,708.1161292809977,28.823475909941006,20.55608374704675,0
2015-16,Maharashtra,Jalna,Kharif,Bajra,BLACK,7.102047536530606,2975843.648903812,135.888929379489,151.48626434146993,1114.7800268440055,709.4791643852637,28.778748249757463,20.242294708952528,0
2015-16,Maharashtra,Kolhapur,Kharif,Jowar,BLACK,6.896586059566364,4350852.822062802,29.44242556932488,39.6752336183844,1347.553160148624,1666.8973844246486,31.787737348679485,16.795923996370025,0
2015-16,Maharashtra,Kolhapur,Kharif,Ragi,BLACK,7.15063496102598,4212889.424799076,168.50790188156253,304.0395627613262,1804.3044828545992,1574.169269815137,31.158514932987742,15.39336197575282,0
2015-16,Maharashtra,Latur,Kharif,Jowar,BLACK,7.046619099371314,2832802.762613708,557.7243994209006,427.25924064584746,766.0759347976915,813.403599674101,28.089933312881985,19.52122817567001,0
2015-16,Maharashtra,Latur,Kharif,Bajra,BLACK,6.999617294841852,3284083.7768725706,16.04640354952592,4.514977837540666,281.370079195974,888.6536475943379,28.560927843206404,18.561435511907543,0
2015-16,Maharashtra,Nagpur,Kharif,Jowar,RED,6.11776268562554,3183223.300724439,14.93454833961467,10.48038499753737,701.7543992098912,1153.9090673381418,25.682638124495085,22.779706579139013,0
2015-16,Maharashtra,Nanded,Kharif,Jowar,BLACK,6.869264863030081,3191868.247674437,322.0221622082336,203.59168747248788,632.2288070994213,948.9992543951256,,,0
2015-16,Maharashtra,Nanded,Kharif,Bajra,BLACK,6.902671280352711,2762475.8023135485,1.2249301901896068,0.5531517954260483,451.5782204212193,914.4393298723204,,,0
2015-16,Maharashtra,Nanded,Kharif,Ragi,BLACK,7.023771861925187,3052662.5054506427,0.1201324253206294,0.0392188256147014,326.4632800846877,916.33167231384,,,0
2015-16,Maharashtra,Nandurbar,Kharif,Jowar,BLACK,6.919237641725728,2722466.870347409,269.9320840483481,404.3994287697988,1498.15250823376,859.8883887989139,29.65770428457765,21.525750505205583,0
2015-16,Maharashtra,Nandurbar,Kharif,Bajra,BLACK,6.911539625066901,2883550.757878828,58.66403827700921,64.19986430546753,1094.3648986849214,828.0884967017432,29.364271022106347,20.80238057688832,0
2015-16,Maharashtra,Nandurbar,Kharif,Ragi,BLACK,7.019625675552326,3187242.7322443584,0.1668412642329637,0.1127360156967512,675.7082321033943,830.205043921612,29.17937011793136,19.755739954637303,0
2015-16,Maharashtra,Nashik,Kharif,Jowar,BLACK,7.030560304353175,3062953.623362627,8.981045400977056,12.299271726009822,1369.469942181984,952.0898180143076,27.7990263519556,21.00440358598109,0
2015-16,Maharashtra,Nashik,Kharif,Bajra,BLACK,6.829644197493609,3132107.0816103,907.8835740191894,1373.4027698690063,1512.7520853681374,992.5775982930074,27.46226040347512,19.630953764261708,0
2015-16,Maharashtra,Nashik,Kharif,Ragi,BLACK,6.955364995421228,3214217.225284206,178.01885199864927,105.74228799206216,593.9948876474302,1027.3684244878204,27.526592926441843,19.41321826326731,0
2015-16,Maharashtra,Osmanabad,Kharif,Jowar,BLACK,6.839956025098999,2734226.1260827254,129.2059577923757,127.27825975989026,985.0804245762172,774.2363595704632,28.758845613165416,17.943558927364265,0
2015-16,Maharashtra,Osmanabad,Kharif,Bajra,BLACK,7.151770353076688,3074248.010899878,62.0824061784933,29.53481280498475,475.7356330563143,747.2317824712528,29.137152642239418,18.68548730793857,0
2015-16,Maharashtra,Osmanabad,Kharif,Ragi,BLACK,6.9611788386714855,2933997.9676137576,0.0884714758932803,0.0682376105272089,771.2950398784043,804.2626714872247,28.429052777430996,19.237746122033283,0
2015-16,Maharashtra,Palghar,Kharif,Ragi,LATERITE,5.114148767249646,3905332.266925559,127.09565862734172,84.35771316695065,663.7340258355844,3124.26485113036,30.74366469577041,27.28538201540965,0
2015-16,Maharashtra,Parbhani,Kharif,Jowar,BLACK,6.921105692542144,2792164.0390068702,45.59609409196735,18.74937756275418,411.2057827790397,870.0451187544596,29.84244201537788,17.277745393992312,0
2015-16,Maharashtra,Parbhani,Kharif,Bajra,BLACK,6.804685829789741,2831254.27026918,5.552009821869877,3.258577046186342,586.9184584923657,857.5906472118797,29.255832882470845,20.931824456299207,0
2015-16,Maharashtra,Pune,Kharif,Jowar,BLACK,7.08816121183887,2838366.9257598734,14.148012251370083,7.528140946166911,532.0988427500047,1061.8275791225572,28.587313896075557,19.63306489169629,0
2015-16,Maharashtra,Pune,Kharif,Bajra,BLACK,7.082378306580612,2879616.994169737,342.17835655372954,548.6480291695337,1603.3978147983298,1039.7974592083162,28.90250994746821,19.63240834688289,0
2015-16,Maharashtra,Pune,Kharif,Ragi,BLACK,7.116299138279195,4109353.8538074135,22.717247582286785,15.81487042913067,696.1613801075939,1012.5167359918354,28.52494848366962,21.859694372760377,0
2015-16,Maharashtra,Raigad,Kharif,Ragi,BLACK,7.109947162224377,4060331.4267099695,42.59414121530015,39.10568807775607,918.10016499896,3248.40715857168,,,0
2015-16,Maharashtra,Ratnagiri,Kharif,Ragi,LATERITE,5.134407942679891,4617026.787746808,91.0585044391012,132.7784554754444,1458.1664424792411,3450.850863212828,33.002051047971584,28.196285337431817,0
2015-16,Maharashtra,Sangli,Kharif,Jowar,BLACK,6.829642888436612,2945110.024375001,481.99789357152025,561.8391272397945,1165.646436910055,685.9292942582631,31.196467194599464,18.96784838868078,0
2015-16,Maharashtra,Sangli,Kharif,Bajra,BLACK,6.884561306526884,2975106.907686091,505.9471659678667,488.78256399212415,966.0743193552494,650.5901421700305,31.006048642290036,18.14170265781113,0
2015-16,Maharashtra,Sangli,Kharif,Ragi,BLACK,7.019140801000185,3080311.372801183,1.2668479119492184,2.024962853186521,1598.4261678821724,650.2502925114042,30.844503253115253,17.745012209413918,0
2015-16,Maharashtra,Satara,Kharif,Jowar,BLACK,7.189289868655562,2938832.5196380382,177.88407635160695,285.7796345327041,1606.549840739145,1410.8961389425308,28.74303332146576,19.739467457954404,0
2015-16,Maharashtra,Satara,Kharif,Bajra,BLACK,7.161029103413624,3107325.559248688,576.0824036295402,529.0263176189766,918.3170919401596,1360.5654880550155,29.06277748383749,16.09730189468908,0
2015-16,Maharashtra,Satara,Kharif,Ragi,BLACK,6.886977070754672,3179779.349816519,45.698063119753456,53.80484459461254,1177.3987981419468,1327.753421451043,29.49745610170048,19.28134264647249,0
2015-16,Maharashtra,Sindhudurg,Kharif,Ragi,BLACK,6.869671346045918,4635538.394670301,12.627274166046776,22.53578775818125,1784.691411767813,2972.846590016517,,,0
2015-16,Maharashtra,Solapur,Kharif,Jowar,BLACK,6.98958451756601,3248415.174655613,26.720781673104685,14.690500216867202,549.7780864567168,629.2631281226467,30.103518210168048,19.270987359148243,0
2015-16,Maharashtra,Solapur,Kharif,Bajra,BLACK,7.132021234430426,2994072.935592008,496.2395501347529,210.6160891948069,424.4242304701722,606.7156441076742,29.572729317267143,20.142747655719347,0
2015-16,Maharashtra,Solapur,Kharif,Ragi,BLACK,7.122401848752075,2933069.7859314475,0.0334261733253591,0.0238665677111057,714.0083753768797,607.6446682021514,29.729010844092155,18.90884935868968,0
2015-16,Maharashtra,Thane,Kharif,Ragi,LATERITE,5.0,3934600.8887084047,19.919252534359075,16.493432350004046,828.0146216106366,2401.462437358792,28.7274815670238,31.43284276154043,0
2015-16,Maharashtra,Wardha,Kharif,Jowar,BLACK,7.142863126381763,2971775.53276225,6.578634573503457,1.399240732449225,212.69470386528224,1066.2408795077072,29.271217703732667,14.266210048868125,0
2015-16,Maharashtra,Washim,Kharif,Jowar,BLACK,6.87005879412457,3220762.60192924,50.01620719067748,25.84445190079361,516.7215459234334,917.9836798209516,27.586976600069857,22.28756486320732,0
2015-16,Maharashtra,Washim,Kharif,Bajra,BLACK,7.144467860385344,3062234.404281548,1.6109981411552754,0.771215583396364,478.7191019620368,861.0299150102092,27.34019012495184,21.512446212212645,0
2015-16,Maharashtra,Yavatmal,Kharif,Jowar,BLACK,6.934724319748299,2868723.0007141894,119.94521243454314,39.50315327491189,329.34330994219266,946.0845226789476,27.874995099965503,19.254198342558475,0
2015-16,Maharashtra,Yavatmal,Kharif,Bajra,BLACK,7.014108278641587,2810630.137215776,0.944283143231228,0.3888369073790698,411.77999434419087,1038.101083644856,27.370461974364687,17.80178716856023,0
2016-17,Maharashtra,Ahmednagar,Kharif,Jowar,BLACK,7.030632453315842,2789691.668506902,9.659661349061496,5.83454422484968,604.0112602308305,544.7055516175075,27.525241926101938,19.821514708771403,0
2016-17,Maharashtra,Ahmednagar,Kharif,Bajra,BLACK,7.055920263606331,3133303.050897825,1331.1738889206233,1905.3036265613475,1431.2958227465344,593.3877281082371,27.163582449642693,21.37534798494369,0
2016-17,Maharashtra,Ahmednagar,Kharif,Ragi,BLACK,6.975024481827511,3074769.362271822,1.1118657314583456,0.905001133708748,813.9482206378736,574.0081783332894,28.088291362394305,21.16997971702552,0
2016-17,Maharashtra,Akola,Kharif,Jowar,BLACK,7.109741367169551,2722641.7951868097,56.41643514862734,43.40739931808832,769.4105308804584,826.0683315436592,28.542893160733914,18.658158761092068,0
2016-17,Maharashtra,Akola,Kharif,Bajra,BLACK,7.013665605682266,3069823.1378876166,0.8945250262758521,0.360657008578919,403.1826924736036,779.4202059608841,28.80742251983077,19.67794493505724,0
2016-17,Maharashtra,Amravati,Kharif,Jowar,BLACK,6.836846526231426,3009633.655290106,122.24823133743524,100.9162225551702,825.5025160782619,891.2203527711406,28.273372069223864,17.89909175219146,0
2016-17,Maharashtra,Amravati,Kharif,Bajra,BLACK,7.187331484062685,3109157.0411189944,0.0082100008666525,0.0037460780079176,456.2822914104089,904.1033906927194,28.88393489708138,18.51244128795966,0
2016-17,Maharashtra,Aurangabad,Kharif,Jowar,BLACK,6.811295599501226,2775080.9730565185,8.563016705790922,10.888276129059172,1271.5467577793868,750.4189153044113,29.71898517623137,42.68053639548684,0
2016-17,Maharashtra,Aurangabad,Kharif,Bajra,BLACK,7.053596832867002,2706602.2395423604,520.0678354380024,826.8620367450401,1589.9118930295986,709.6563524941967,29.758239013952963,42.53201373364148,0
2016-17,Maharashtra,Beed,Kharif,Jowar,BLACK,6.939754464263252,2945889.906564468,64.73486250737082,31.106718961902764,480.5249869552268,670.5846086510579,28.41189953043363,21.84153541665915,0
2016-17,Maharashtra,Beed,Kharif,Bajra,BLACK,6.863754145352187,3288830.4412001194,488.7871220851295,781.9743854869296,1599.826080014312,663.0286206144747,28.13405539315358,23.68668279126269,0
2016-17,Maharashtra,Buldhana,Kharif,Jowar,BLACK,6.954913922141503,2749494.659456057,90.62067550655878,94.75604006836885,1045.6337865359517,781.1716146923114,26.83627069962181,19.27354472399732,0
2016-17,Maharashtra,Buldhana,Kharif,Bajra,BLACK,6.938969596653603,3206128.3865285744,19.25876431841035,9.28649327944615,482.1956967700549,787.4985997245175,26.91488798502732,18.76977339484007,0
2016-17,Maharashtra,Chandrapur,Kharif,Jowar,RED,6.033649742221052,4276648.191022512,5.625716881626288,3.20640068949506,569.9541510820129,1255.7925742970688,31.02050343813008,15.888497491398333,0
2016-17,Maharashtra,Dhule,Kharif,Jowar,BLACK,7.068115001501695,2764359.2218817784,93.1681947414232,121.9558607880172,1308.9859809615352,576.4855521407493,28.36725197794616,22.35731852831218,0
2016-17,Maharashtra,Dhule,Kharif,Bajra,BLACK,7.02627382258714,2961567.8122060266,492.42820997242166,546.9579130194682,1110.7363508887934,596.8519716517661,28.108659851956315,22.621679260285,0
2016-17,Maharashtra,Dhule,Kharif,Ragi,BLACK,7.190765082304877,3087654.386474504,14.749384162007392,14.438824306382894,978.9442154185352,575.1409795458446,28.4611591377587,24.21789823214677,0
2016-17,Maharashtra,Gadchiroli,Kharif,Jowar,RED,5.995549233875577,4160811.0343106,0.1355418861284769,0.0751560858716737,554.4860560700408,1487.5030948331362,,,0
2016-17,Maharashtra,Gadchiroli,Kharif,Ragi,RED,6.101824997951927,3976478.433393947,0.0886142982519048,0.1132097895943231,1277.5566903717995,1450.056487104178,,,0
2016-17,Maharashtra,Hingoli,Kharif,Jowar,BLACK,7.179936177885399,3108106.672765493,403.4788054741042,69.49812181761402,172.2472676996029,933.4364797474956,29.3693326345264,17.21745441513853,0
2016-17,Maharashtra,Hingoli,Kharif,Bajra,BLACK,6.956487450007105,3136327.6509413747,0.0760770246911691,0.0321485871646185,422.5794488562632,930.2278881511486,28.95189195398432,17.824395750640033,0
2016-17,Maharashtra,Jalgaon,Kharif,Jowar,BLACK,6.989627708960257,2894054.6856953977,336.2375985989534,605.1118910868352,1799.655641154459,712.3041847408157,29.31445722232424,21.6633330736746,0
2016-17,Maharashtra,Jalgaon,Kharif,Bajra,BLACK,6.854803919237804,2706396.42331618,97.68922083443452,120.6612227158079,1235.1539062872323,771.7543710521845,29.10426889248325,19.156888196150977,0
2016-17,Maharashtra,Jalna,Kharif,Jowar,BLACK,6.8658917845878245,2973966.25520729,4.2983960664330665,8.707944667750253,2025.859072353088,711.6439215569316,28.36162394245809,19.76148175758061,0
2016-17,Maharashtra,Jalna,Kharif,Bajra,BLACK,6.974954765095364,3228338.3280084045,135.94083457462224,137.70666007562824,1012.9896620579938,715.5032129154457,28.89481173004413,17.327196094164627,0
2016-17,Maharashtra,Kolhapur,Kharif,Jowar,BLACK,6.809742019990162,3932790.0460378407,29.12717745145694,47.18729043880639,1620.0433604474122,1725.9830185111327,31.8794973951569,16.87009145360777,0
2016-17,Maharashtra,Kolhapur,Kharif,Ragi,BLACK,7.071531034651128,3844591.718854196,171.2541910603466,306.4896214225776,1789.6766176926826,1672.0976004501672,31.58809665416376,17.505975003815067,0
2016-17,Maharashtra,Latur,Kharif,Jowar,BLACK,7.094314574030492,3249492.5417225463,489.0338579441595,417.5000972024208,853.7243187159715,812.6833239902379,28.8138619586332,18.269114486697767,0
2016-17,Maharashtra,Latur,Kharif,Bajra,BLACK,6.947272685908321,2990098.389949696,15.659317571630744,4.057879927617032,259.1351704220179,811.2048841033921,28.29793667666293,19.56558398306086,0
2016-17,Maharashtra,Nagpur,Kharif,Jowar,RED,6.036054916211199,3132701.115925757,15.10389828163844,9.640621963262946,638.2870026993555,1123.718985990891,25.80682195643448,22.91434149928777,0
2016-17,Maharashtra,Nanded,Kharif,Jowar,BLACK,6.847439756951516,3231850.973770483,308.84446440712964,210.1196637868861,680.3413627316918,906.7736702162498,,,0
2016-17,Maharashtra,Nanded,Kharif,Bajra,BLACK,7.089471806058216,2872953.298996449,1.3620286637735808,0.6057248299514748,444.722527551864,899.2387599087627,,,0
2016-17,Maharashtra,Nanded,Kharif,Ragi,BLACK,6.894427054561763,2918205.0780509007,0.1473814667994746,0.0441935929519938,299.85855013997855,949.7158944176776,,,0
2016-17,Maharashtra,Nandurbar,Kharif,Jowar,BLACK,6.913318311195022,3028694.646977438,259.80646305156887,370.7093038472259,1426.867135994396,817.4531057286979,29.39860613284972,22.76575204066328,0
2016-17,Maharashtra,Nandurbar,Kharif,Bajra,BLACK,7.1570197378751,3048439.845171307,64.25708694502418,84.04052845647169,1307.8795266329678,816.1934529766826,29.81841952692869,20.283092758566173,0
2016-17,Maharashtra,Nandurbar,Kharif,Ragi,BLACK,6.908299196067436,3026014.1021165056,0.1678978307949303,0.1148277792473332,683.9146086859414,832.3484264099718,29.79493248273186,19.6510286715539,0
2016-17,Maharashtra,Nashik,Kharif,Jowar,BLACK,7.006372362320873,3081180.6855535773,8.165871225992865,11.10368002138524,1359.766730834673,947.9050255780656,27.45604545867697,19.5244999400317,0
2016-17,Maharashtra,Nashik,Kharif,Bajra,BLACK,6.984622063087345,2940439.013201054,973.4942942694522,1567.3322943333417,1610.0066570082245,986.9553410840958,27.981202660336827,20.65712574406615,0
2016-17,Maharashtra,Nashik,Kharif,Ragi,BLACK,6.84031202832464,2818166.4055292127,187.94352526238495,137.34754283303715,730.7915643344904,996.2323655119162,27.817088393471792,20.588667680481027,0
2016-17,Maharashtra,Osmanabad,Kharif,Jowar,BLACK,7.177009415033746,3164007.610610793,121.4420288183454,130.45093575510865,1074.182776954747,751.6201931394392,29.0729526143028,16.344522646805306,0
2016-17,Maharashtra,Osmanabad,Kharif,Bajra,BLACK,6.994296607023853,3293874.261126889,66.03058272886435,34.29476726445315,519.3770196648843,745.6041841999395,28.973434723891287,19.76833146541767,0
2016-17,Maharashtra,Osmanabad,Kharif,Ragi,BLACK,6.953748093390795,3093761.2192096733,0.091810655912512,0.0641791871491345,699.0385430890723,758.5119264985602,28.70929053209641,16.37113036727009,0
2016-17,Maharashtra,Palghar,Kharif,Ragi,LATERITE,5.158954551949609,4350232.587912884,126.12385900126114,80.66815412292148,639.5947187289509,3227.632079507724,30.51735061774092,27.68743340459159,0
2016-17,Maharashtra,Parbhani,Kharif,Jowar,BLACK,7.029569692669563,3272563.7158248164,41.09341078000141,16.945247215412106,412.3592297103434,904.5358934488818,29.171546656792923,18.586425081969672,0
2016-17,Maharashtra,Parbhani,Kharif,Bajra,BLACK,7.182906350430389,3121340.7989747967,5.842958944588391,3.757515710244764,643.0843936914679,893.1808969264587,29.025793024286617,17.513805366186343,0
2016-17,Maharashtra,Pune,Kharif,Jowar,BLACK,7.14779697038958,2830054.126513908,12.51622361962302,7.218422015389264,576.7252355632392,998.734913424802,28.344294640198687,21.18496076231193,0
2016-17,Maharashtra,Pune,Kharif,Bajra,BLACK,7.058574849925084,2705942.894371977,351.3989145759625,539.4874568594087,1535.2564691624473,998.8055067808526,28.62255350987208,21.50682199128171,0
2016-17,Maharashtra,Pune,Kharif,Ragi,BLACK,7.085127110274572,3850105.020937624,22.89648115620334,18.619218851126504,813.1912814070997,1009.5096399867704,28.23103788955004,19.622019771282734,0
2016-17,Maharashtra,Raigad,Kharif,Ragi,BLACK,7.189721975295823,4520635.540470774,48.07448459317728,40.60427192012307,844.6116950338687,3271.967294403165,,,0
2016-17,Maharashtra,Ratnagiri,Kharif,Ragi,LATERITE,5.0,4338436.145024455,101.84867428388874,150.29538661552635,1475.673470197553,3430.045159837516,33.18294640982094,25.6697922013978,0
2016-17,Maharashtra,Sangli,Kharif,Jowar,BLACK,7.006125937351183,3097005.883109491,410.0059725349223,518.248358318383,1264.0019732255023,689.0610235902723,31.09660590227698,16.85469065007727,0
2016-17,Maharashtra,Sangli,Kharif,Bajra,BLACK,6.840313304154137,3256992.011769909,579.6002357242454,541.042401227354,933.4751228168308,647.1950798380882,30.67743671501493,16.692391562816756,0
2016-17,Maharashtra,Sangli,Kharif,Ragi,BLACK,6.818549779458657,3281119.0031034816,1.210516907104252,2.049686966485164,1693.2328284355317,686.3239314258822,30.830466063021976,17.944335014302613,0
2016-17,Maharashtra,Satara,Kharif,Jowar,BLACK,6.982995007709271,3277198.9212169093,193.0576296648288,269.72280973053404,1397.1103353895166,1386.5216778025076,29.39044703415522,17.851647796205476,0
2016-17,Maharashtra,Satara,Kharif,Bajra,BLACK,6.810111174294926,2843911.629041788,582.1593817049288,457.4338597032112,785.7536511110706,1362.5950509381469,28.88966471950646,19.86786958195751,0
2016-17,Maharashtra,Satara,Kharif,Ragi,BLACK,6.86981243470198,2734314.4495199546,41.60741820207637,56.873088356820176,1366.897798863713,1311.87450131247,29.268107923773783,17.38849340557026,0
2016-17,Maharashtra,Sindhudurg,Kharif,Ragi,BLACK,7.016435999613251,4425533.938471484,12.259517758045504,19.98104790719038,1629.8396316671997,2895.0667881014388,,,0
2016-17,Maharashtra,Solapur,Kharif,Jowar,BLACK,6.874133123861773,3156229.4282062924,28.12380653251889,15.605678393004988,554.8921115980694,593.2248918083966,30.180313255831493,20.16641241142481,0
2016-17,Maharashtra,Solapur,Kharif,Bajra,BLACK,6.813177914574673,3085847.0171285057,482.6382584934152,215.3504191693104,446.1942570436497,625.1829100455485,29.817813157874298,18.956844327966937,0
2016-17,Maharashtra,Solapur,Kharif,Ragi,BLACK,7.148671537141283,3214437.2718683947,0.032740813881214,0.0237348867060402,724.9327030217424,587.9486140269337,30.280227861208445,19.955745617766222,0
2016-17,Maharashtra,Thane,Kharif,Ragi,LATERITE,5.11853641189241,4427968.272962964,18.552970567925406,14.166975156201168,763.5960561859134,2488.5214353904557,29.04655114823075,29.700089857019336,0
2016-17,Maharashtra,Wardha,Kharif,Jowar,BLACK,6.977820479750056,2885332.9622838567,6.782447063824617,1.53106562739528,225.7394142538155,1052.0564113189869,28.805018501324668,15.76531474336143,0
2016-17,Maharashtra,Washim,Kharif,Jowar,BLACK,7.1238865433913485,3223815.6070214845,50.86991817483195,27.873126281396647,547.9294498882634,852.3125226152855,27.30808716326359,20.169962219562205,0
2016-17,Maharashtra,Washim,Kharif,Bajra,BLACK,7.003851357974003,3118348.5267963856,1.5593381696896838,0.6506672176723766,417.271397776316,940.9984117191892,27.274906082321458,21.75363163981468,0
2016-17,Maharashtra,Yavatmal,Kharif,Jowar,BLACK,6.828613037169638,2846545.445636165,123.14180624140882,42.17123838010679,342.460774835751,979.3699678342488,27.503037333523,17.99516133524783,0
2016-17,Maharashtra,Yavatmal,Kharif,Bajra,BLACK,6.952689790889333,2702615.505175836,0.9599448551988504,0.4100648212198086,427.1753934603511,976.725184850534,27.364081202768464,16.739506822565716,0
2017-18,Maharashtra,Ahmednagar,Kharif,Jowar,BLACK,7.157544218195474,3112577.3366331533,9.112935278534982,5.25101066439877,576.2150727403098,575.7262960790881,28.0515337732396,19.617985848641396,0
2017-18,Maharashtra,Ahmednagar,Kharif,Bajra,BLACK,7.079907174486322,2778765.969832119,1309.4717524727764,1710.8057582930217,1306.4854244181863,585.2311964985481,27.30983122309235,21.513342381303087,0
2017-18,Maharashtra,Ahmednagar,Kharif,Ragi,BLACK,7.069464220799059,3262939.081877897,1.1061163304578854,0.8190583113248084,740.4811670990816,590.705073642536,27.97073218131251,18.803522449101457,0
2017-18,Maharashtra,Akola,Kharif,Jowar,BLACK,6.874151487507195,3254241.7620711094,56.888477641222565,39.290094944050566,690.6511928802283,766.2961913146354,28.5379603749847,17.79345106577003,0
2017-18,Maharashtra,Akola,Kharif,Bajra,BLACK,6.871803615307779,3087910.13410434,0.8417971957076422,0.3611873715409121,429.0669693159125,777.8141147904709,28.90874053714212,18.451805717666176,0
2017-18,Maharashtra,Amravati,Kharif,Jowar,BLACK,6.827397219881443,2824714.712279743,134.67444034158476,103.2987688109336,767.0257886272205,910.4005285947172,29.047290843998063,18.04369395508467,0
2017-18,Maharashtra,Amravati,Kharif,Bajra,BLACK,7.024853787007479,3294955.043117362,0.0082606034280759,0.0038652190423219,467.9100111724167,902.2156472873512,28.398503860354765,15.780753584490808,0
2017-18,Maharashtra,Aurangabad,Kharif,Jowar,BLACK,6.949248487211794,3072707.641938531,9.58706454570808,12.045043633999857,1256.38495251314,682.0048751471693,30.49047993415914,43.54024201986123,0
2017-18,Maharashtra,Aurangabad,Kharif,Bajra,BLACK,6.866842907839811,2788080.0743478807,471.0261802068487,784.6353466811374,1665.7998634737646,741.30679360615,29.83307887990408,43.94408189542233,0
2017-18,Maharashtra,Beed,Kharif,Jowar,BLACK,6.977463383405704,2794342.825722392,67.45323893449445,30.91734297027424,458.3522371742424,710.3221902435916,28.421291610749886,22.21456050386061,0
2017-18,Maharashtra,Beed,Kharif,Bajra,BLACK,6.937857433800049,3207723.1469483944,499.63546565051365,719.7004895329209,1440.4511669240449,659.2704017706801,28.239568021486168,23.957153551314768,0
2017-18,Maharashtra,Buldhana,Kharif,Jowar,BLACK,7.018017008597934,2885864.7857372826,89.02481607941013,95.78921380133532,1075.9832821883208,742.5540482609811,26.57479328275413,18.761743380111103,0
2017-18,Maharashtra,Buldhana,Kharif,Bajra,BLACK,6.861134108035766,3240549.920814921,17.343683423522627,7.158811612907963,412.7618936585707,811.4317964129187,27.169628428855763,20.631431056843468,0
2017-18,Maharashtra,Chandrapur,Kharif,Jowar,RED,5.965300871743708,3950121.5336767375,5.325722811946843,3.038983653590393,570.6236995236104,1306.0022277619053,30.896245671602426,15.4160051499665,0
2017-18,Maharashtra,Dhule,Kharif,Jowar,BLACK,7.08670779705075,3284556.8144311057,92.12486033807905,114.15907145296762,1239.177688129215,574.4131761505865,28.365795458353784,22.54777169436319,0
2017-18,Maharashtra,Dhule,Kharif,Bajra,BLACK,6.89423871152911,2714495.84321306,458.302183679946,507.6823973569501,1107.7459707490475,574.5342059243308,28.10451280438449,23.139341184058267,0
2017-18,Maharashtra,Dhule,Kharif,Ragi,BLACK,7.017663552030342,2729076.9502213104,14.728493853862878,13.41094306972312,910.544092477304,622.129922223641,28.75001038163386,24.648988236213743,0
2017-18,Maharashtra,Gadchiroli,Kharif,Jowar,RED,5.923701257451362,4209198.517614835,0.1343447340924038,0.0692338298814019,515.3445749037106,1446.773483015513,,,0
2017-18,Maharashtra,Gadchiroli,Kharif,Ragi,RED,5.862171866948029,4377010.053055777,0.0968063987659419,0.1153378762719066,1191.428229354652,1403.2807107796418,,,0
2017-18,Maharashtra,Hingoli,Kharif,Jowar,BLACK,6.847548252461348,2994701.86367114,398.5536783097935,64.1050887205421,160.84430331292435,907.6908128100728,29.14039859806116,17.38841426870821,0
2017-18,Maharashtra,Hingoli,Kharif,Bajra,BLACK,7.091481995593391,3110460.5356180454,0.0799083510990235,0.036763554703141,460.0714968775061,872.636274277022,29.32991700723609,20.40401397220432,0
2017-18,Maharashtra,Jalgaon,Kharif,Jowar,BLACK,7.082579334476205,3233277.065644412,396.24040653586695,622.3452479690671,1570.625402416484,719.4791898776541,29.04977895807965,18.14055196767196,0
2017-18,Maharashtra,Jalgaon,Kharif,Bajra,BLACK,6.849548295357209,3029611.573283699,90.22494904929124,110.97122907743064,1229.9395039481308,708.1759248471524,29.39764008973676,19.87958572531504,0
2017-18,Maharashtra,Jalna,Kharif,Jowar,BLACK,7.177016610635825,2963784.442846268,4.460118544413111,9.192651019913482,2061.077733332558,696.6753216383285,28.921766882988745,20.226347557703743,0
2017-18,Maharashtra,Jalna,Kharif,Bajra,BLACK,7.14525244669782,3063885.750897467,139.58341005018963,143.53072641858415,1028.2792659025538,716.7588617518628,28.27366316974155,18.210468257083484,0
2017-18,Maharashtra,Kolhapur,Kharif,Jowar,BLACK,6.960898792621595,4277522.991386953,25.648539847071564,36.94037464292504,1440.2525392548898,1625.862962101912,31.78109621355785,15.558128883547802,0
2017-18,Maharashtra,Kolhapur,Kharif,Ragi,BLACK,7.073813855940476,4034760.4738624473,158.16083030260228,288.8510906619589,1826.312432157271,1629.3348460454554,31.444609773608555,16.363560356976393,0
2017-18,Maharashtra,Latur,Kharif,Jowar,BLACK,7.161792079873678,3081472.097732908,494.7213769811707,410.2671916880149,829.2893955613926,849.9758706633014,28.996480024188884,18.41525181532832,0
2017-18,Maharashtra,Latur,Kharif,Bajra,BLACK,7.026570664174889,3296150.571478995,13.747442365185114,3.445353894918882,250.6178097275834,868.770614787918,28.17960611504484,19.161781076748067,0
2017-18,Maharashtra,Nagpur,Kharif,Jowar,RED,6.155206018120914,2703427.264964528,15.868515896284656,10.632201612749506,670.0186509085488,1116.8346592670384,25.75862245803248,25.191957512839,0
2017-18,Maharashtra,Nanded,Kharif,Jowar,BLACK,6.971625193767717,2958065.018612359,354.47794493641794,205.2593991314486,579.0470241195559,933.849333878911,,,0
2017-18,Maharashtra,Nanded,Kharif,Bajra,BLACK,6.934229743215775,2927426.4406556976,1.2672927024584175,0.6213062571266674,490.2626330297626,946.3021889050418,,,0
2017-18,Maharashtra,Nanded,Kharif,Ragi,BLACK,7.078834073614799,2909697.0732574034,0.1446494346642245,0.0418436085674171,289.2759910507004,896.0327108750486,,,0
2017-18,Maharashtra,Nandurbar,Kharif,Jowar,BLACK,7.094673356601796,3254337.4001113097,271.97964970636343,400.5275929147939,1472.6380938692078,829.0838988913795,29.766924100680505,21.140608096854056,0
2017-18,Maharashtra,Nandurbar,Kharif,Bajra,BLACK,7.084529289806141,3113801.237679573,67.3558155356958,77.70656009181043,1153.672618671348,821.5544284427733,29.632783272163763,21.642710297440185,0
2017-18,Maharashtra,Nandurbar,Kharif,Ragi,BLACK,6.8621932186558645,3006165.6055243206,0.168720063281289,0.1083793671133508,642.3620582257693,806.5852143411006,29.381782523668434,19.594818262064614,0
2017-18,Maharashtra,Nashik,Kharif,Jowar,BLACK,7.057375455009397,3027136.193729515,8.193274484563723,11.325813411489166,1382.330523995895,1031.8753810138792,28.14785311677145,21.356734707587982,0
2017-18,Maharashtra,Nashik,Kharif,Bajra,BLACK,6.940633508240695,2917205.8370320057,855.094124324227,1221.7429673020397,1428.781852837045,961.811292191917,27.975095934856324,22.723907533672406,0
2017-18,Maharashtra,Nashik,Kharif,Ragi,BLACK,7.072990102149068,3264601.8269226938,177.04706127226237,124.60761288351053,703.8106816802192,960.2220589998834,27.76409968371711,20.00339113091398,0
2017-18,Maharashtra,Osmanabad,Kharif,Jowar,BLACK,7.19896871595453,3186667.236126544,112.91145348026384,114.43298494733774,1013.47543956061,797.0897861512999,28.47515565294224,19.72829241747312,0
2017-18,Maharashtra,Osmanabad,Kharif,Bajra,BLACK,6.994982681020383,3097399.814650138,67.07357745345051,32.17262533192188,479.6616872605295,802.5348500117896,28.77911338659774,16.627008393077254,0
2017-18,Maharashtra,Osmanabad,Kharif,Ragi,BLACK,6.927983029513814,2888006.0048704846,0.0839014737187047,0.065192575179913,777.0134693757973,790.6927038498222,28.574944267580147,16.140809546213685,0
2017-18,Maharashtra,Palghar,Kharif,Ragi,LATERITE,5.161732110880345,3706079.0367593486,127.79413949408374,88.60087944378192,693.3094099192531,3050.5981407071886,30.39486696723232,28.231172041306824,0
2017-18,Maharashtra,Parbhani,Kharif,Jowar,BLACK,6.938171855387081,3004619.5442328337,46.33876220498065,18.69712147386759,403.4877192265174,940.197934194407,29.0414594152263,19.649626755948063,0
2017-18,Maharashtra,Parbhani,Kharif,Bajra,BLACK,7.022674742455549,2819128.2180477064,5.194059325444155,2.962201128711207,570.30560167079,872.7413141743664,29.216223271230344,18.25964226580504,0
2017-18,Maharashtra,Pune,Kharif,Jowar,BLACK,6.909398406877597,2967256.04588401,12.496894382888382,6.712078568113337,537.0997275374258,1020.9451493773798,29.040452670505143,18.86267868739265,0
2017-18,Maharashtra,Pune,Kharif,Bajra,BLACK,6.966498963100077,2849697.207293973,373.9999994240269,600.0534985074364,1604.4211214747052,1079.240509651852,28.81826018473636,20.77508716921249,0
2017-18,Maharashtra,Pune,Kharif,Ragi,BLACK,6.901257664670483,4314503.738786344,20.761953681950857,16.342766272440038,787.1497318023311,1070.6329545645328,28.786712034680303,20.361681647664533,0
2017-18,Maharashtra,Raigad,Kharif,Ragi,BLACK,6.804939815338254,4178386.22874741,44.73476111848524,40.44156574034627,904.0299920956784,3268.423150508648,,,0
2017-18,Maharashtra,Ratnagiri,Kharif,Ragi,LATERITE,5.136913853620848,3848237.074346796,97.5881571100403,130.79573239969017,1340.282840388153,3464.63780440762,33.1177656253586,25.39747693358172,0
2017-18,Maharashtra,Sangli,Kharif,Jowar,BLACK,7.198930475803612,3112885.6201465344,491.2407614355728,702.8412029925549,1430.746913058708,646.619508868384,30.79645210737241,17.73249340581393,0
2017-18,Maharashtra,Sangli,Kharif,Bajra,BLACK,7.044836477694623,2703810.927182818,504.1684423429092,497.0752553011224,985.9309182287884,687.177431294528,30.56780339040981,18.12653509284834,0
2017-18,Maharashtra,Sangli,Kharif,Ragi,BLACK,7.007606363308947,2821895.048254767,1.120632258829309,1.8138492375127144,1618.5945239588127,649.1542728527851,30.85272035281354,16.101871473217827,0
2017-18,Maharashtra,Satara,Kharif,Jowar,BLACK,6.894813653470254,3118400.328034146,175.06542291220097,291.8079575300051,1666.8508988000049,1409.8073831135869,28.6529708964476,16.058237243214894,0
2017-18,Maharashtra,Satara,Kharif,Bajra,BLACK,6.820458009832306,3063098.34851356,526.3624255910203,412.8720361854597,784.3873652680866,1440.8849173511264,28.700104247020587,16.48588332275783,0
2017-18,Maharashtra,Satara,Kharif,Ragi,BLACK,6.952308956501612,2792837.297496184,43.38634959915815,59.66982247899266,1375.313273190203,1371.5335701723072,29.61020619099867,16.24824752399789,0
2017-18,Maharashtra,Sindhudurg,Kharif,Ragi,BLACK,7.193125275460513,3939461.828779,12.671274152579478,20.044090393294784,1581.8527917505778,2903.468720913758,,,0
2017-18,Maharashtra,Solapur,Kharif,Jowar,BLACK,6.949360543632288,2970358.382525132,30.15414918133,18.008736743719805,597.2225127436176,622.0246653809286,29.617033142793783,18.334653351009216,0
2017-18,Maharashtra,Solapur,Kharif,Bajra,BLACK,7.16718749728683,2804461.3076954503,550.2384745912135,263.72821362820014,479.2980240506276,627.0631127495888,29.390056905678858,19.24735029452362,0
2017-18,Maharashtra,Solapur,Kharif,Ragi,BLACK,7.002204581167884,3278253.2024787646,0.0370292941350313,0.0301596492034146,814.4808025082586,584.8542477201318,29.721356784041667,18.321671316239964,0
2017-18,Maharashtra,Thane,Kharif,Ragi,LATERITE,5.074678130922277,4356564.75446991,17.225298860549742,14.010626728692609,813.3749575039571,2405.1313769612666,28.47960652820324,31.12910228472674,0
2017-18,Maharashtra,Wardha,Kharif,Jowar,BLACK,7.047949234637577,2832748.087795898,7.012945575315702,1.5623529321602094,222.7812714901722,1076.890608754901,28.77612920226666,17.96819385360124,0
2017-18,Maharashtra,Washim,Kharif,Jowar,BLACK,7.108960024621637,2886148.673778648,45.27339914635323,25.81945299896985,570.3007391935494,929.2099905268672,28.022557160275547,21.818725548639957,0
2017-18,Maharashtra,Washim,Kharif,Bajra,BLACK,7.085695344820911,2787811.657163631,1.578637010948396,0.6669855646827699,422.5072388756841,867.2024659849726,27.319121083807484,20.668360339720717,0
2017-18,Maharashtra,Yavatmal,Kharif,Jowar,BLACK,6.973663252880697,2857061.5698542967,116.96106445781471,37.87125933787279,323.793730105219,969.8485209789928,27.412004515858424,17.73601711347023,0
2017-18,Maharashtra,Yavatmal,Kharif,Bajra,BLACK,6.9817149212349054,2965110.4005744923,0.8411299246888021,0.3967206225676308,471.6520134679644,971.1540024131142,27.36392852433158,17.389361789266225,0
2018-19,Maharashtra,Ahmednagar,Kharif,Jowar,BLACK,6.990466136015259,2951862.259988102,10.393851327852373,6.110259745925712,587.8725366748384,544.4553362937378,27.7208511736874,19.45370628093358,0
2018-19,Maharashtra,Ahmednagar,Kharif,Bajra,BLACK,6.979830638970943,3037208.497275309,1472.9294426081592,2288.819001737214,1553.923043105402,583.2952835486188,27.988862366871363,18.280914302611357,0
2018-19,Maharashtra,Ahmednagar,Kharif,Ragi,BLACK,6.912858261825838,3242549.16044653,1.164574748528729,0.947603986826904,813.6909958111869,560.5198051162611,27.78594957689447,18.385658627759984,0
2018-19,Maharashtra,Akola,Kharif,Jowar,BLACK,6.864213160806174,3237808.7670024866,63.45604423786415,46.32123442522879,729.9735585722024,788.4770400045035,28.8923366486578,17.609652818114885,0
2018-19,Maharashtra,Akola,Kharif,Bajra,BLACK,7.07962469861578,2720806.9522394896,0.966258326617076,0.4364510219655086,451.6918612163973,781.6988724313766,28.011659540115684,18.701812173190905,0
2018-19,Maharashtra,Amravati,Kharif,Jowar,BLACK,7.172892676886491,2804372.1144733625,130.12233630723537,94.1940051202649,723.888056373818,974.7395871585782,29.00387296845457,15.920659775479358,0
2018-19,Maharashtra,Amravati,Kharif,Bajra,BLACK,7.156637418993263,2848853.8364071664,0.0094048275960431,0.0042483805753936,451.72338695299896,931.2572250381756,28.92131288961836,15.348278919043873,0
2018-19,Maharashtra,Aurangabad,Kharif,Jowar,BLACK,7.129528445799217,2757227.8179303263,8.890115976720963,13.006922266717364,1463.0767810877137,749.0022604227726,30.52348216083177,42.46840094035584,0
2018-19,Maharashtra,Aurangabad,Kharif,Bajra,BLACK,6.946028831888222,3137480.4489082755,482.3899123991902,722.556459131983,1497.8680949987377,726.8241882237245,29.724475245961525,41.7408671424127,0
2018-19,Maharashtra,Beed,Kharif,Jowar,BLACK,7.198463108653868,3052737.0357071874,72.55739878476481,32.91460160244762,453.6353584020551,719.7059067635083,28.684997684233217,21.811535963867072,0
2018-19,Maharashtra,Beed,Kharif,Bajra,BLACK,7.148206710174207,2991010.8176901294,490.98782398189593,721.5991228872755,1469.6884273730643,660.9689872655761,28.577523282612404,20.61549395449759,0
2018-19,Maharashtra,Buldhana,Kharif,Jowar,BLACK,6.9592145039067805,2704900.1583166244,82.28622242161558,83.45376523598108,1014.1888007494532,779.871700306696,27.153495274867684,17.90102164677345,0
2018-19,Maharashtra,Buldhana,Kharif,Bajra,BLACK,6.974526012978081,3264434.1236598617,19.61109808005676,9.474742049719294,483.1316436765214,817.491663652441,26.95976859231129,20.858794909270543,0
2018-19,Maharashtra,Chandrapur,Kharif,Jowar,RED,5.943241280100057,4347007.636993269,4.93645731843478,2.3433536177257466,474.7035103442892,1263.762093811252,30.86469579281516,13.503880667835588,0
2018-19,Maharashtra,Dhule,Kharif,Jowar,BLACK,7.051043645221098,2851548.1639494635,85.13753557316345,112.19452900706467,1317.8033431640697,574.2481470631418,28.30382133936905,22.113887626014105,0
2018-19,Maharashtra,Dhule,Kharif,Bajra,BLACK,6.992377212038591,3104792.7322278656,519.772289485416,567.3618529232814,1091.5584851300555,585.9218443574304,28.62464337530823,23.444377127169787,0
2018-19,Maharashtra,Dhule,Kharif,Ragi,BLACK,7.070571837002021,2841560.7318221075,13.71183858556683,13.39028869428816,976.5494693310396,566.3396733870995,28.171020840202686,22.575647601704706,0
2018-19,Maharashtra,Gadchiroli,Kharif,Jowar,RED,5.825741245737676,4200423.975386007,0.1454520112246331,0.0825314507123363,567.4136095985393,1451.8117669087987,,,0
2018-19,Maharashtra,Gadchiroli,Kharif,Ragi,RED,6.002913800009281,3777523.484446909,0.0952656100780992,0.1085142631162658,1139.070678572313,1365.8228437342052,,,0
2018-19,Maharashtra,Hingoli,Kharif,Jowar,BLACK,6.915539707693874,3293663.114612589,400.9012516431962,72.62057982059949,181.14331028637477,879.3134297401751,28.82899677841481,18.47021450919914,0
2018-19,Maharashtra,Hingoli,Kharif,Bajra,BLACK,7.056762039350837,3213696.0639731293,0.0717899120121215,0.0345128243334414,480.74755026324607,917.84500930345,29.201427265806725,17.669536152104136,0
2018-19,Maharashtra,Jalgaon,Kharif,Jowar,BLACK,6.972757476791679,2986071.3669638936,339.62170231403803,587.8866342696394,1731.0043211727332,715.8554355746834,28.754267414376983,19.959180795798776,0
2018-19,Maharashtra,Jalgaon,Kharif,Bajra,BLACK,7.1152193262128565,3229779.3857211266,90.5690524226305,100.84165073027891,1113.4228307889591,740.8850613660495,29.386148406825463,19.20319842431536,0
2018-19,Maharashtra,Jalna,Kharif,Jowar,BLACK,7.0857770486577225,2786695.721052862,4.596831496808348,9.3302373224602,2029.7105362548807,740.9722823250428,29.207560348980337,19.22231531680457,0
2018-19,Maharashtra,Jalna,Kharif,Bajra,BLACK,6.83574337139595,2797785.013046209,130.390346826957,127.91020116327806,980.979069969264,739.2025114864118,29.009121953564204,18.298418908593103,0
2018-19,Maharashtra,Kolhapur,Kharif,Jowar,BLACK,7.12061853997633,3871476.920606376,29.294552454809686,44.6799900788733,1525.1979066004667,1645.2250958639186,31.93176843156289,15.606219935805823,0
2018-19,Maharashtra,Kolhapur,Kharif,Ragi,BLACK,7.043051192335424,3658768.48414092,187.3404973236532,347.14992294499257,1853.042603731586,1684.2787514148254,31.775908466139374,16.816093787177866,0
2018-19,Maharashtra,Latur,Kharif,Jowar,BLACK,6.95159886417581,2894376.6283444003,524.7772700215758,410.3500743241713,781.9509299770169,878.1047371972862,28.627191435862112,21.9452751896628,0
2018-19,Maharashtra,Latur,Kharif,Bajra,BLACK,7.133504944413707,3007159.409407153,14.773064265483892,3.568829732253093,241.5768095310723,878.6811251280706,28.292690370399598,20.0691443014307,0
2018-19,Maharashtra,Nagpur,Kharif,Jowar,RED,6.065434837354665,2859697.0840087445,14.629350772512083,9.032208452866584,617.4032322635746,1132.73089661645,26.47306379811139,25.44496866658648,0
2018-19,Maharashtra,Nanded,Kharif,Jowar,BLACK,6.914285232667117,2789116.3655206747,349.1879595310887,228.7083100573014,654.9719250469722,917.6941013879411,,,0
2018-19,Maharashtra,Nanded,Kharif,Bajra,BLACK,7.074631657821685,3008964.1252190173,1.1970424380432614,0.4906075998426474,409.8497966743905,947.0995163598968,,,0
2018-19,Maharashtra,Nanded,Kharif,Ragi,BLACK,6.928055326931467,3111995.937210822,0.1420907018935576,0.0431330740338036,303.5601447455395,921.0317775594144,,,0
2018-19,Maharashtra,Nandurbar,Kharif,Jowar,BLACK,6.998627171554855,3090090.546131639,303.920826191108,404.67317506191495,1331.5085383699668,826.5790396010252,28.847463162513996,19.170274998700336,0
2018-19,Maharashtra,Nandurbar,Kharif,Bajra,BLACK,7.109755156896322,2995709.8855386097,67.17306368224573,82.11740375884057,1222.4751895683555,814.7928678995481,29.264873769511148,20.463648706416176,0
2018-19,Maharashtra,Nandurbar,Kharif,Ragi,BLACK,7.023228285745254,2911709.525276092,0.1699332380870695,0.1124048226980646,661.4646078860171,824.4643104790853,29.22166377969463,22.275729276040007,0
2018-19,Maharashtra,Nashik,Kharif,Jowar,BLACK,6.857935107851271,3203209.476993935,8.147375825276491,11.897270151604936,1460.2579292702735,1006.3596845909146,28.08105895812712,21.079143789573067,0
2018-19,Maharashtra,Nashik,Kharif,Bajra,BLACK,6.843622696832724,2801815.9946421883,799.5290715775789,1096.2822217129458,1371.1599248665627,987.2645353216984,28.073291451950197,19.200935555504984,0
2018-19,Maharashtra,Nashik,Kharif,Ragi,BLACK,7.037146376660676,2751618.2484713597,191.3866029106329,133.7414978343351,698.8028200531104,985.0507121583374,27.538645609584712,20.14692330098212,0
2018-19,Maharashtra,Osmanabad,Kharif,Jowar,BLACK,7.140442166188888,3047994.1115576904,110.98981536390104,113.17910505344864,1019.7251403867068,740.151942535216,28.540371729755662,16.9710413667112,0
2018-19,Maharashtra,Osmanabad,Kharif,Bajra,BLACK,6.9989334211870124,3155333.908550744,65.33881733892315,30.42813948540438,465.6977387204399,791.7500305879151,28.57945840797415,16.572579341407703,0
2018-19,Maharashtra,Osmanabad,Kharif,Ragi,BLACK,6.9326446878396855,2885706.3822437883,0.0999268142609085,0.0742607074737698,743.1509552568688,804.3618449422603,28.81716799888352,19.03052625933169,0
2018-19,Maharashtra,Palghar,Kharif,Ragi,LATERITE,5.1444338010912825,4020679.3735254873,123.54728104905668,81.61786556730455,660.6204918010028,3077.8125756812105,30.61029084483557,27.12955290820945,0
2018-19,Maharashtra,Parbhani,Kharif,Jowar,BLACK,6.814060458476386,2839093.5452212906,46.30358217962258,19.89904198914967,429.75167476150256,883.2584856679563,29.845806342463785,19.33377006201694,0
2018-19,Maharashtra,Parbhani,Kharif,Bajra,BLACK,6.929312289299427,2806716.906456792,5.12176985561502,3.3672761025641607,657.4438519279815,939.207056079701,29.052959665671075,18.762532329082006,0
2018-19,Maharashtra,Pune,Kharif,Jowar,BLACK,6.80868030197573,3139306.8215201213,14.259571042112515,8.835693859602921,619.6325144359979,1011.9794347685896,28.757884863558104,21.36858580608132,0
2018-19,Maharashtra,Pune,Kharif,Bajra,BLACK,7.083589634510986,2776893.428948358,365.62774397179646,637.1575597318189,1742.6400765171898,1081.3843119444514,28.291268870339,18.77327207398586,0
2018-19,Maharashtra,Pune,Kharif,Ragi,BLACK,6.933831687592085,4196104.045804966,23.288932655882,18.432463521792094,791.4687973962035,1072.87563559444,28.28062881280528,19.82151420667301,0
2018-19,Maharashtra,Raigad,Kharif,Ragi,BLACK,6.99831533427822,4275199.02679706,47.530085791608464,43.72686292120152,919.9828317777112,3183.0833115090177,,,0
2018-19,Maharashtra,Ratnagiri,Kharif,Ragi,LATERITE,5.089866197705397,4326877.918576629,100.91329667989358,143.22361226453663,1419.2739408648529,3284.933053085854,33.02347857060426,27.5286017015906,0
2018-19,Maharashtra,Sangli,Kharif,Jowar,BLACK,6.826458880143324,3081363.6226435606,399.7093030177343,536.4439579559108,1342.0852452165964,686.4033586790098,30.92029877721201,18.23149409524336,0
2018-19,Maharashtra,Sangli,Kharif,Bajra,BLACK,7.092521753241287,3138140.764054042,500.4151054742541,464.6425526510758,928.5142426120892,695.0045911679729,30.814417025467414,16.07579862197138,0
2018-19,Maharashtra,Sangli,Kharif,Ragi,BLACK,6.884548013391429,3109303.171865592,1.2605329039395898,2.14759760555783,1703.721972544996,706.5417623013179,30.907571736320733,16.877610211362164,0
2018-19,Maharashtra,Satara,Kharif,Jowar,BLACK,7.027103539134376,2808960.4119901587,176.47466680809956,290.6129894211411,1646.7688800747633,1354.531469786094,29.127822731219428,17.341154365963522,0
2018-19,Maharashtra,Satara,Kharif,Bajra,BLACK,7.134825213725146,3039077.5948548485,524.2144333835356,445.19507059095656,849.2613751923053,1351.6056763713173,28.62448761577864,18.54446800804795,0
2018-19,Maharashtra,Satara,Kharif,Ragi,BLACK,6.962989406290389,3244341.654734387,38.48207787993018,45.410036657613794,1180.0307873005163,1411.7165137385375,28.634732512667945,17.076421293482213,0
2018-19,Maharashtra,Sindhudurg,Kharif,Ragi,BLACK,7.184321805291837,3953310.6259141904,10.53589691076004,17.020503183242084,1615.477384356284,2961.506810409403,,,0
2018-19,Maharashtra,Solapur,Kharif,Jowar,BLACK,6.949489161772707,3257727.1958376598,26.82866359817911,15.133216075755367,564.0689488828089,594.9953125995756,29.453394990536747,17.311317241556655,0
2018-19,Maharashtra,Solapur,Kharif,Bajra,BLACK,7.007605656120089,3237309.4658908984,454.9406297810034,220.7897556357432,485.3155360997888,603.0697185459684,30.18305109404952,20.32993712611074,0
2018-19,Maharashtra,Solapur,Kharif,Ragi,BLACK,7.024892334461593,2807329.60691868,0.0379767779271772,0.0288295526565624,759.1363520055559,589.3228659625496,29.71803400770449,18.03198461209207,0
2018-19,Maharashtra,Thane,Kharif,Ragi,LATERITE,5.058706715585088,4674924.765412521,17.8724217453116,15.055278834132912,842.3748638363631,2263.325796119036,28.481205739130413,28.262276050276338,0
2018-19,Maharashtra,Wardha,Kharif,Jowar,BLACK,6.8477927587845775,2862330.707164593,6.369640645147212,1.2075725352374451,189.5825216069998,1025.911754473327,29.14340833441792,16.21083566191867,0
2018-19,Maharashtra,Washim,Kharif,Jowar,BLACK,6.84456834343621,2956035.8687741808,46.15497065901289,23.284176991187515,504.4782102280615,902.329427441952,27.338550631210424,21.969985260982988,0
2018-19,Maharashtra,Washim,Kharif,Bajra,BLACK,6.962451710812511,3090282.017046274,1.3849285869026753,0.6461503702673411,466.5586199736296,899.7251556221967,27.86627972226605,21.228090451528896,0
2018-19,Maharashtra,Yavatmal,Kharif,Jowar,BLACK,6.956170122904654,3063496.2023257334,120.95832675297646,40.08457550534311,331.3916171079701,957.5256848894622,27.432060486244417,19.59212609601745,0
2018-19,Maharashtra,Yavatmal,Kharif,Bajra,BLACK,7.114354416980893,3172557.565969954,0.8575969648438218,0.4127909183712562,481.3343975003809,1021.3228641122596,28.25566568787669,17.81047657196453,0
2019-20,Maharashtra,Ahmednagar,Kharif,Jowar,BLACK,7.122736108390827,2869250.781122968,9.305928054225513,5.662110761608282,608.4412783566821,570.7445550519087,27.20990831136839,20.95026786612668,0
2019-20,Maharashtra,Ahmednagar,Kharif,Bajra,BLACK,6.953111825125287,2784170.854371566,1394.2438891370534,2093.623541723599,1501.6193063750247,583.9692539990095,27.189569065255142,19.93154682164872,0
2019-20,Maharashtra,Ahmednagar,Kharif,Ragi,BLACK,7.011968557559419,3058193.882120947,1.090419420820163,0.7352072748087018,674.2426453260646,560.833135999232,27.990920969689544,21.088885681304355,0
2019-20,Maharashtra,Akola,Kharif,Jowar,BLACK,7.012534203791758,2820012.657054158,61.80179565729716,46.18504459196518,747.3091048692199,786.088246790481,28.65652699237626,17.464952848229004,0
2019-20,Maharashtra,Akola,Kharif,Bajra,BLACK,6.958666239538051,3168205.746280715,0.9668990923137712,0.4154078961107634,429.6290061837789,804.8816074585044,28.77711193811685,20.497262593620363,0
2019-20,Maharashtra,Amravati,Kharif,Jowar,BLACK,6.803375875617491,3011754.80005637,113.8597881225796,91.42409892390263,802.9533554504507,890.0446147462023,28.401102140133947,16.553916021093006,0
2019-20,Maharashtra,Amravati,Kharif,Bajra,BLACK,6.838395065258686,3086855.40635938,0.0096282208891306,0.0042948546128774,446.0693893849004,974.4685196137488,28.42793709111993,16.600807719385898,0
2019-20,Maharashtra,Aurangabad,Kharif,Jowar,BLACK,7.1170042125695145,3264738.23835099,8.086973838900034,10.448306039008443,1291.9920661483914,707.2055995689849,29.747224073904903,41.760754496183445,0
2019-20,Maharashtra,Aurangabad,Kharif,Bajra,BLACK,6.827884745590545,2957915.4756038487,492.98089730670375,688.5787219465226,1396.7655252128957,696.3911311615506,30.34975884341529,42.83619640834328,0
2019-20,Maharashtra,Beed,Kharif,Jowar,BLACK,7.072689312597806,3130257.284559102,67.91580753841306,28.67033920994117,422.1453038561793,661.4724907591751,27.906586291069804,23.882378016943985,0
2019-20,Maharashtra,Beed,Kharif,Bajra,BLACK,6.9709823630022045,2802555.8489422086,522.6582364937094,745.4464697303799,1426.259872476633,718.9772356312338,27.97897470479516,21.83743088775326,0
2019-20,Maharashtra,Buldhana,Kharif,Jowar,BLACK,7.196613324339577,2782442.8000516635,95.37399189028878,89.20038835884401,935.269527791744,778.0674240987618,26.775238174030545,18.35307592147699,0
2019-20,Maharashtra,Buldhana,Kharif,Bajra,BLACK,6.969476482717801,2929433.581515118,19.4136916520817,8.278650625975052,426.43361058468986,746.33313202963,26.958417888829107,19.32462513298289,0
2019-20,Maharashtra,Chandrapur,Kharif,Jowar,RED,5.840364972685956,4138192.121625125,5.185850964028056,2.611335846239341,503.550114408034,1279.8529127810652,30.92351475558674,13.590670344497518,0
2019-20,Maharashtra,Dhule,Kharif,Jowar,BLACK,7.016627584568926,2787720.7891094163,87.62449773846144,121.20904931551388,1383.2781065096024,596.3363688861009,28.06054602467609,21.37330866956917,0
2019-20,Maharashtra,Dhule,Kharif,Bajra,BLACK,7.193540101444083,2966641.36560366,468.49900063257394,544.2391278829713,1161.6655044047734,606.6596366889943,28.16151822715454,21.031520178253803,0
2019-20,Maharashtra,Dhule,Kharif,Ragi,BLACK,6.943265854194059,3085163.355505113,14.411607954849732,13.188505360310025,915.1307336161532,589.8601766521929,28.24577639091134,22.40388500672351,0
2019-20,Maharashtra,Gadchiroli,Kharif,Jowar,RED,6.157119416035754,3776402.8606593953,0.1293685193575438,0.0683746347174232,528.5260669054425,1404.95684674207,,,0
2019-20,Maharashtra,Gadchiroli,Kharif,Ragi,RED,5.837362023860726,3737853.200493446,0.1091866005405696,0.1361553435578651,1246.9968190581678,1380.2818208240124,,,0
2019-20,Maharashtra,Hingoli,Kharif,Jowar,BLACK,6.899955999165754,2926236.699807109,419.38824744292407,81.8343970845265,195.12801701879735,864.5567350044146,29.22202243613601,17.269946704681345,0
2019-20,Maharashtra,Hingoli,Kharif,Bajra,BLACK,6.964825070661414,3269748.1070642923,0.0743979588985141,0.0299566622032853,402.6543556678621,941.8360597922216,28.51687233726689,17.06059837107472,0
2019-20,Maharashtra,Jalgaon,Kharif,Jowar,BLACK,7.014646883799662,3222561.8321877806,366.8891614366639,599.7211402291006,1634.611221222,740.5217502198832,29.209526858624116,18.157590374909702,0
2019-20,Maharashtra,Jalgaon,Kharif,Bajra,BLACK,7.060432578013325,2758599.0370104155,100.62028114740292,129.6932376489694,1288.937341160638,711.9646643069514,28.90980972222613,18.1862571478887,0
2019-20,Maharashtra,Jalna,Kharif,Jowar,BLACK,7.146071106083414,3046053.0083127394,3.943594709310216,8.147859514571294,2066.099616001477,698.1271295828452,28.78177487417421,19.563709901450864,0
2019-20,Maharashtra,Jalna,Kharif,Bajra,BLACK,6.892534839794926,2933924.758359811,150.35284462598182,164.8024408252917,1096.1045747771168,689.7815977466432,28.972654833945647,19.856431327847694,0
2019-20,Maharashtra,Kolhapur,Kharif,Jowar,BLACK,7.193817467548736,4317282.486548307,30.58471071037401,47.39657183601363,1549.6818748701526,1657.5578163983023,31.72196653104991,15.1575563152817,0
2019-20,Maharashtra,Kolhapur,Kharif,Ragi,BLACK,6.80757658947273,3815938.285606676,182.63850732727929,330.8679290484609,1811.600050232352,1628.1609019171096,31.267840152673493,16.30897612312262,0
2019-20,Maharashtra,Latur,Kharif,Jowar,BLACK,7.184440252472979,3062828.2036913987,501.0457744354943,426.2246994317115,850.6701806075894,881.1656379930237,28.51385286843832,21.45100902928713,0
2019-20,Maharashtra,Latur,Kharif,Bajra,BLACK,6.811979023758655,2701134.458505557,16.98072059768788,4.812788801668431,283.4266528314321,844.1512381601837,28.78671967913617,20.34647898504397,0
2019-20,Maharashtra,Nagpur,Kharif,Jowar,RED,6.045778686410932,3168747.219514582,15.700106474832657,9.204697947140676,586.2825173762898,1105.6649053257224,26.08855202536972,23.53632019670684,0
2019-20,Maharashtra,Nanded,Kharif,Jowar,BLACK,6.978367735726966,2867131.533904497,319.675946154921,195.1532490638895,610.4721090566962,977.0471287885842,,,0
2019-20,Maharashtra,Nanded,Kharif,Bajra,BLACK,6.98706723964112,2992930.7643254646,1.3029042093408223,0.577486211463163,443.2299836956781,967.3387520431236,,,0
2019-20,Maharashtra,Nanded,Kharif,Ragi,BLACK,7.07032142221165,2841327.171006288,0.1295847746851493,0.037096083354424,286.26884172585886,914.155638282473,,,0
2019-20,Maharashtra,Nandurbar,Kharif,Jowar,BLACK,6.805127604716045,2704559.5994155915,304.1984560462008,474.0539271492676,1558.370589090924,816.0685173625681,29.31466928887339,21.92631123186195,0
2019-20,Maharashtra,Nandurbar,Kharif,Bajra,BLACK,6.872982599899817,2769054.0665476224,62.80964376510594,74.98537473003344,1193.8512979067675,826.1947754484737,29.624860339993045,22.0590966388718,0
2019-20,Maharashtra,Nandurbar,Kharif,Ragi,BLACK,6.87628484325197,2920415.838192528,0.1831910637889448,0.1224909556690872,668.6513694260194,869.7524069402067,29.279264751294143,20.249501096877324,0
2019-20,Maharashtra,Nashik,Kharif,Jowar,BLACK,7.181179615067525,3210451.479614716,8.673840112694776,11.709999385907771,1350.0363430459554,980.7513050653804,27.79234087879464,21.980589126917167,0
2019-20,Maharashtra,Nashik,Kharif,Bajra,BLACK,6.830427736608132,2952227.786890003,896.9681281295834,1351.6539693198447,1506.9141555100755,991.0494585959848,27.546831383034476,21.090919273612187,0
2019-20,Maharashtra,Nashik,Kharif,Ragi,BLACK,6.86772206329788,2833904.029878276,169.47359760472412,103.52729347361976,610.8756463356856,1025.6904178755474,27.894037271000112,20.395059880342863,0
2019-20,Maharashtra,Osmanabad,Kharif,Jowar,BLACK,7.04016638521687,3234370.8497125017,106.94848734798758,103.67749686002958,969.4152711359544,762.4136406798642,29.079775832249588,19.956684419132053,0
2019-20,Maharashtra,Osmanabad,Kharif,Bajra,BLACK,6.914961381305984,2858696.459642813,72.80299335702658,38.44645630834716,528.0889498568467,757.4577121080728,28.687852059259573,17.156861878354317,0
2019-20,Maharashtra,Osmanabad,Kharif,Ragi,BLACK,6.960435343047093,3160705.8297170014,0.0939208413034388,0.068655022847381,730.9881586938819,806.5033074154143,28.859659089409966,17.446839305939655,0
2019-20,Maharashtra,Palghar,Kharif,Ragi,LATERITE,5.0,3988350.420465988,116.8910465105522,73.93588216389848,632.5196357723088,3038.104690073987,30.95388562641855,28.332364340410816,0
2019-20,Maharashtra,Parbhani,Kharif,Jowar,BLACK,7.059127950101589,2734179.502887519,50.699513826697576,19.778500919867422,390.1122402765995,860.7774961163403,29.30180373494703,19.89031645839286,0
2019-20,Maharashtra,Parbhani,Kharif,Bajra,BLACK,7.160615578500555,2707699.1681262315,5.6672952241347225,3.671128264196504,647.774311908554,874.6449277754326,29.74275007673114,17.432271993757666,0
2019-20,Maharashtra,Pune,Kharif,Jowar,BLACK,7.127722025315117,3236998.267815488,12.644383764306044,7.679817877292043,607.3698821900263,1036.591773067329,28.05746311271165,19.528740327525824,0
2019-20,Maharashtra,Pune,Kharif,Bajra,BLACK,6.982441899525404,3223486.364775122,375.1095994794021,651.6909024764471,1737.334644010444,1042.6672129624365,28.291073181883093,21.14535978067665,0
2019-20,Maharashtra,Pune,Kharif,Ragi,BLACK,7.043479497709509,4455685.147763989,22.809558297277267,15.615092312284055,684.5854754735868,1010.2829687810691,28.40468324170816,18.16633951796261,0
2019-20,Maharashtra,Raigad,Kharif,Ragi,BLACK,6.868053264907602,4161465.635624395,41.9358740048557,39.83682036610613,949.9461096600368,3307.989083548201,,,0
2019-20,Maharashtra,Ratnagiri,Kharif,Ragi,LATERITE,5.0,4351913.347298378,90.21253555106328,131.13499315748663,1453.6227405254551,3295.464973280104,33.198289853299585,26.361879735528824,0
2019-20,Maharashtra,Sangli,Kharif,Jowar,BLACK,7.033750731190747,3261741.5944648883,442.3721980503432,517.9214719389308,1170.7821472993876,654.0826705610991,31.01712643943655,15.019323942106764,0
2019-20,Maharashtra,Sangli,Kharif,Bajra,BLACK,7.100297604767127,2989054.8129309984,570.5768720945061,574.164806082093,1006.2882569607424,663.8555310753113,31.02527585756781,16.561276614293654,0
2019-20,Maharashtra,Sangli,Kharif,Ragi,BLACK,7.114704890786814,3208479.1117121684,1.040044014288083,1.8873344472004527,1814.6678614292557,658.3319522880087,31.139716682760643,18.1939293803022,0
2019-20,Maharashtra,Satara,Kharif,Jowar,BLACK,7.000694692092723,3289724.908295983,182.44171067988185,303.2952220054559,1662.4225944560867,1319.0330745403417,29.42086267152497,16.211433555057432,0
2019-20,Maharashtra,Satara,Kharif,Bajra,BLACK,7.055942455848284,3139796.592963115,628.0951292810933,498.0627502932378,792.9734320075237,1338.829455172019,28.744881933495854,18.183478042342674,0
2019-20,Maharashtra,Satara,Kharif,Ragi,BLACK,7.117311931679085,3298728.3074085657,41.441321597580455,47.90347483171453,1155.9350181175537,1336.5963255964848,29.16404298866626,19.165457543040837,0
2019-20,Maharashtra,Sindhudurg,Kharif,Ragi,BLACK,7.14189084029829,3843046.461660521,11.116541484384127,19.28834580845208,1735.103119576105,2855.6134149692443,,,0
2019-20,Maharashtra,Solapur,Kharif,Jowar,BLACK,7.113812153585934,3032773.7713358225,25.50156266238547,16.426497857789027,644.1369133044515,615.4228402349265,29.93009069068577,17.83860277627118,0
2019-20,Maharashtra,Solapur,Kharif,Bajra,BLACK,7.005094574388511,3003814.65979624,485.69820078390734,229.61761596583017,472.7578063810651,630.1210435781234,29.85284984097158,19.764154040870245,0
2019-20,Maharashtra,Solapur,Kharif,Ragi,BLACK,7.003144589416734,2807507.190048245,0.0381610776795604,0.025784315760609,675.6705347034663,627.3432383963526,30.001176106833867,19.96480390876676,0
2019-20,Maharashtra,Thane,Kharif,Ragi,LATERITE,5.0,4259691.004691977,19.7451788613898,17.055841123010936,863.7977524914876,2391.294466116304,29.402975495170896,28.05843939112721,0
2019-20,Maharashtra,Wardha,Kharif,Jowar,BLACK,7.134959711288915,2819864.070866349,5.920817225726495,1.2084877850803115,204.1082740790108,1033.969587062368,28.74144260729292,16.64931644096664,0
2019-20,Maharashtra,Washim,Kharif,Jowar,BLACK,7.186137278201915,3131362.100817741,53.28777978379028,27.78533451351452,521.4203824263401,919.3696564443262,27.226461629568703,21.555956672940543,0
2019-20,Maharashtra,Washim,Kharif,Bajra,BLACK,7.022770203854585,2846455.217938204,1.4166799290547305,0.6347680305817399,448.0673563331165,891.5825504604223,28.007852078568927,20.40768550007023,0
2019-20,Maharashtra,Yavatmal,Kharif,Jowar,BLACK,7.102922124334255,2750858.600164634,137.19564486486271,44.763836760218666,326.277388792559,1025.4703952558104,27.66087298866236,19.899442009916,0
2019-20,Maharashtra,Yavatmal,Kharif,Bajra,BLACK,6.93300612022322,2888445.417406791,0.9224708660995404,0.3781856176349814,409.9702565502732,955.364066882295,27.66262258463496,18.38598160536665,0
2020-21,Maharashtra,Ahmednagar,Kharif,Jowar,BLACK,7.0,3000000.0,10.8,6.7,617.0,567.2,27.64,20.0,0
2020-21,Maharashtra,Ahmednagar,Kharif,Bajra,BLACK,7.0,3000000.0,1510.0,2298.0,1522.0,567.2,27.64,20.0,0
2020-21,Maharashtra,Ahmednagar,Kharif,Ragi,BLACK,7.0,3000000.0,1.3,1.0,786.0,567.2,27.64,20.0,0
2020-21,Maharashtra,Akola,Kharif,Jowar,BLACK,7.0,3000000.0,70.0,54.0,771.0,796.0,28.44,19.0,0
2020-21,Maharashtra,Akola,Kharif,Bajra,BLACK,7.0,3000000.0,1.0,0.4,472.0,796.0,28.44,19.0,0
2020-21,Maharashtra,Amravati,Kharif,Jowar,BLACK,7.0,3000000.0,139.0,111.0,800.0,930.9,28.65,17.0,0
2020-21,Maharashtra,Amravati,Kharif,Bajra,BLACK,7.0,3000000.0,0.01,0.005,472.0,930.9,28.65,17.0,0
2020-21,Maharashtra,Aurangabad,Kharif,Jowar,BLACK,7.0,3000000.0,9.9,14.5,1474.0,715.4,30.05,42.0,0
2020-21,Maharashtra,Aurangabad,Kharif,Bajra,BLACK,7.0,3000000.0,583.0,946.0,1622.0,715.4,30.05,42.0,0
2020-21,Maharashtra,Beed,Kharif,Jowar,BLACK,7.0,3000000.0,73.0,35.0,486.0,691.0,28.25,22.0,0
2020-21,Maharashtra,Beed,Kharif,Bajra,BLACK,7.0,3000000.0,564.0,945.0,1675.0,691.0,28.25,22.0,0
2020-21,Maharashtra,Buldhana,Kharif,Jowar,BLACK,7.0,3000000.0,98.0,106.0,1079.0,779.7,26.71,19.0,0
2020-21,Maharashtra,Buldhana,Kharif,Bajra,BLACK,7.0,3000000.0,21.0,10.0,472.0,779.7,26.71,19.0,0
2020-21,Maharashtra,Chandrapur,Kharif,Jowar,RED,6.0,4000000.0,6.0,3.2,544.0,1289.6,31.06,15.0,0
2020-21,Maharashtra,Dhule,Kharif,Jowar,BLACK,7.0,3000000.0,105.0,147.0,1400.0,595.8,28.33,23.0,0
2020-21,Maharashtra,Dhule,Kharif,Bajra,BLACK,7.0,3000000.0,564.0,703.0,1247.0,595.8,28.33,23.0,0
2020-21,Maharashtra,Dhule,Kharif,Ragi,BLACK,7.0,3000000.0,16.0,16.0,973.0,595.8,28.33,23.0,0
2020-21,Maharashtra,Gadchiroli,Kharif,Jowar,RED,6.0,4000000.0,0.16,0.09,543.0,1418.2,,,0
2020-21,Maharashtra,Hingoli,Kharif,Jowar,BLACK,7.0,3000000.0,458.0,86.0,188.0,904.5,29.0,19.0,0
2020-21,Maharashtra,Hingoli,Kharif,Bajra,BLACK,7.0,3000000.0,0.08,0.04,472.0,904.5,29.0,19.0,0
2020-21,Maharashtra,Jalgaon,Kharif,Jowar,BLACK,7.0,3000000.0,399.0,698.0,1750.0,743.8,28.95,20.0,0
2020-21,Maharashtra,Jalgaon,Kharif,Bajra,BLACK,7.0,3000000.0,110.0,139.0,1265.0,743.8,28.95,20.0,0
2020-21,Maharashtra,Jalna,Kharif,Jowar,BLACK,7.0,3000000.0,4.6,10.8,2376.0,721.9,28.76,19.0,0
2020-21,Maharashtra,Jalna,Kharif,Bajra,BLACK,7.0,3000000.0,151.0,174.0,1151.0,721.9,28.76,19.0,0
2020-21,Maharashtra,Kolhapur,Kharif,Jowar,BLACK,7.0,4000000.0,31.0,48.0,1555.0,1656.4,31.6,17.0,0
2020-21,Maharashtra,Kolhapur,Kharif,Ragi,BLACK,7.0,4000000.0,196.0,362.0,1851.0,1656.4,31.6,17.0,0
2020-21,Maharashtra,Latur,Kharif,Jowar,BLACK,7.0,3000000.0,563.0,472.0,839.0,849.3,28.55,20.0,0
2020-21,Maharashtra,Latur,Kharif,Bajra,BLACK,7.0,3000000.0,17.0,5.0,282.0,849.3,28.55,20.0,0
2020-21,Maharashtra,Nagpur,Kharif,Jowar,RED,6.0,3000000.0,17.0,12.0,687.0,1129.9,26.01,24.0,0
2020-21,Maharashtra,Nanded,Kharif,Jowar,BLACK,7.0,3000000.0,357.0,232.0,650.0,931.3,,,0
2020-21,Maharashtra,Nanded,Kharif,Bajra,BLACK,7.0,3000000.0,1.42,0.67,472.0,931.3,,,0
2020-21,Maharashtra,Nandurbar,Kharif,Jowar,BLACK,7.0,3000000.0,309.0,481.0,1555.0,832.5,29.34,21.0,0
2020-21,Maharashtra,Nandurbar,Kharif,Bajra,BLACK,7.0,3000000.0,70.0,90.0,1282.0,832.5,29.34,21.0,0
2020-21,Maharashtra,Nandurbar,Kharif,Ragi,BLACK,7.0,3000000.0,0.2,0.1,715.0,832.5,29.34,21.0,0
2020-21,Maharashtra,Nashik,Kharif,Jowar,BLACK,7.0,3000000.0,9.0,13.0,1530.0,994.8,27.81,21.0,0
2020-21,Maharashtra,Nashik,Kharif,Bajra,BLACK,7.0,3000000.0,976.0,1547.0,1585.0,994.8,27.81,21.0,0
2020-21,Maharashtra,Nashik,Kharif,Ragi,BLACK,7.0,3000000.0,211.0,147.0,696.0,994.8,27.81,21.0,0
2020-21,Maharashtra,Osmanabad,Kharif,Jowar,BLACK,7.0,3000000.0,131.0,140.0,1063.0,771.0,28.76,18.0,0
2020-21,Maharashtra,Osmanabad,Kharif,Bajra,BLACK,7.0,3000000.0,73.0,37.0,503.0,771.0,28.76,18.0,0
2020-21,Maharashtra,Osmanabad,Kharif,Ragi,BLACK,7.0,3000000.0,0.1,0.08,786.0,771.0,28.76,18.0,0
2020-21,Maharashtra,Palghar,Kharif,Ragi,LATERITE,5.0,4000000.0,130.0,90.0,690.0,3154.7,30.47,29.0,0
2020-21,Maharashtra,Parbhani,Kharif,Jowar,BLACK,7.0,3000000.0,51.0,23.0,455.0,898.7,29.39,19.0,0
2020-21,Maharashtra,Parbhani,Kharif,Bajra,BLACK,7.0,3000000.0,6.0,4.0,628.0,898.7,29.39,19.0,0
2020-21,Maharashtra,Pune,Kharif,Jowar,BLACK,7.0,3000000.0,15.4,9.5,617.0,1032.7,28.55,20.0,0
2020-21,Maharashtra,Pune,Kharif,Bajra,BLACK,7.0,3000000.0,424.0,710.0,1673.0,1032.7,28.55,20.0,0
2020-21,Maharashtra,Pune,Kharif,Ragi,BLACK,7.0,4250000.0,24.0,19.0,786.0,1032.7,28.55,20.0,0
2020-21,Maharashtra,Raigad,Kharif,Ragi,BLACK,7.0,4250000.0,51.0,48.0,950.0,3177.7,,,0
2020-21,Maharashtra,Ratnagiri,Kharif,Ragi,LATERITE,5.0,4250000.0,104.0,150.0,1445.0,3412.2,33.24,27.0,0
2020-21,Maharashtra,Sangli,Kharif,Jowar,BLACK,7.0,3000000.0,498.0,683.0,1371.0,673.1,30.92,17.0,0
2020-21,Maharashtra,Sangli,Kharif,Bajra,BLACK,7.0,3000000.0,600.0,600.0,999.0,673.1,30.92,17.0,0
2020-21,Maharashtra,Sangli,Kharif,Ragi,BLACK,7.0,3000000.0,1.3,2.2,1747.0,673.1,30.92,17.0,0
2020-21,Maharashtra,Satara,Kharif,Jowar,BLACK,7.0,3000000.0,198.0,322.0,1630.0,1376.2,29.12,18.0,0
2020-21,Maharashtra,Satara,Kharif,Bajra,BLACK,7.0,3000000.0,648.0,575.0,887.0,1376.2,29.12,18.0,0
2020-21,Maharashtra,Satara,Kharif,Ragi,BLACK,7.0,3000000.0,47.0,63.0,1319.0,1376.2,29.12,18.0,0
2020-21,Maharashtra,Sindhudurg,Kharif,Ragi,BLACK,7.0,4250000.0,13.0,23.0,1783.0,2964.2,,,0
2020-21,Maharashtra,Solapur,Kharif,Jowar,BLACK,7.0,3000000.0,31.13,19.2,617.0,614.3,29.79,19.0,0
2020-21,Maharashtra,Solapur,Kharif,Bajra,BLACK,7.0,3000000.0,553.0,272.0,492.0,614.3,29.79,19.0,0
2020-21,Maharashtra,Solapur,Kharif,Ragi,BLACK,7.0,3000000.0,0.04,0.03,786.0,614.3,29.79,19.0,0
2020-21,Maharashtra,Thane,Kharif,Ragi,LATERITE,5.0,4250000.0,21.0,18.0,869.0,2378.3,28.95,30.0,0
2020-21,Maharashtra,Wardha,Kharif,Jowar,BLACK,7.0,3000000.0,7.4,1.6,215.0,1040.9,29.05,16.0,0
2020-21,Maharashtra,Washim,Kharif,Jowar,BLACK,7.0,3000000.0,56.0,32.0,574.0,896.2,27.6,21.0,0
2020-21,Maharashtra,Washim,Kharif,Bajra,BLACK,7.0,3000000.0,1.64,0.78,472.0,896.2,27.6,21.0,0
2020-21,Maharashtra,Yavatmal,Kharif,Jowar,BLACK,7.0,3000000.0,141.0,53.0,377.0,990.8,27.82,18.0,0
2020-21,Maharashtra,Yavatmal,Kharif,Bajra,BLACK,7.0,3000000.0,1.0,0.3,472.0,990.8,27.82,18.0,0
2021-22,Maharashtra,Ahmednagar,Kharif,Bajra,BLACK,7.0,3000000.0,1030.32,998.05,968.67,567.2,27.64,20.0,0
2021-22,Maharashtra,Ahmednagar,Kharif,Ragi,BLACK,7.0,3000000.0,6.09,6.43,1056.0,567.2,27.64,20.0,0
2021-22,Maharashtra,Akola,Kharif,Jowar,BLACK,7.0,3000000.0,53.46,15.51,290.18,796.0,28.44,19.0,0
2021-22,Maharashtra,Amravati,Kharif,Jowar,BLACK,7.0,3000000.0,148.55,118.51,797.76,930.9,28.65,17.0,0
2021-22,Maharashtra,Amravati,Kharif,Bajra,BLACK,7.0,3000000.0,0.03,0.01,325.0,930.9,28.65,17.0,0
2021-22,Maharashtra,Aurangabad,Kharif,Jowar,BLACK,7.0,3000000.0,4.79,1.89,395.09,715.0,30.05,42.0,0
2021-22,Maharashtra,Aurangabad,Kharif,Bajra,BLACK,7.0,3000000.0,236.27,142.51,603.16,715.0,30.05,42.0,0
2021-22,Maharashtra,Beed,Kharif,Jowar,BLACK,7.0,3000000.0,47.56,18.74,394.02,691.0,28.25,22.0,0
2021-22,Maharashtra,Beed,Kharif,Bajra,BLACK,7.0,3000000.0,497.1,404.9,814.53,691.0,28.25,22.0,0
2021-22,Maharashtra,Buldhana,Kharif,Jowar,BLACK,7.0,3000000.0,66.96,75.17,1122.75,779.7,26.71,19.0,0
2021-22,Maharashtra,Buldhana,Kharif,Bajra,BLACK,7.0,3000000.0,1.24,0.3,246.0,779.7,26.71,19.0,0
2021-22,Maharashtra,Chandrapur,Kharif,Jowar,RED,6.0,4000000.0,22.24,13.57,610.05,1289.6,31.06,15.0,0
2021-22,Maharashtra,Dhule,Kharif,Jowar,BLACK,7.0,3000000.0,75.6,55.49,734.0,595.8,28.33,23.0,0
2021-22,Maharashtra,Dhule,Kharif,Bajra,BLACK,7.0,3000000.0,452.67,317.98,702.45,595.8,28.33,23.0,0
2021-22,Maharashtra,Dhule,Kharif,Ragi,BLACK,7.0,3000000.0,22.58,13.93,616.97,595.8,28.33,23.0,0
2021-22,Maharashtra,Gadchiroli,Kharif,Ragi,RED,6.0,4000000.0,0.11,0.14,1276.0,1418.0,,,0
2021-22,Maharashtra,Hingoli,Kharif,Jowar,BLACK,7.0,3000000.0,45.18,14.92,330.28,904.5,29.0,19.0,0
2021-22,Maharashtra,Jalgaon,Kharif,Jowar,BLACK,7.0,3000000.0,284.78,232.23,815.47,743.8,28.95,20.0,0
2021-22,Maharashtra,Jalgaon,Kharif,Bajra,BLACK,7.0,3000000.0,82.66,36.97,447.26,743.8,28.95,20.0,0
2021-22,Maharashtra,Jalna,Kharif,Jowar,BLACK,7.0,3000000.0,1.1,0.59,534.55,721.9,28.76,19.0,0
2021-22,Maharashtra,Jalna,Kharif,Bajra,BLACK,7.0,3000000.0,114.1,53.53,469.11,721.9,28.76,19.0,0
2021-22,Maharashtra,Kolhapur,Kharif,Jowar,BLACK,7.0,4000000.0,14.37,21.6,1503.37,1656.4,31.6,17.0,0
2021-22,Maharashtra,Kolhapur,Kharif,Ragi,BLACK,7.0,4000000.0,177.9,345.13,1940.02,1656.4,31.6,17.0,0
2021-22,Maharashtra,Latur,Kharif,Jowar,BLACK,7.0,3000000.0,117.48,66.72,567.9,849.3,28.55,20.0,0
2021-22,Maharashtra,Latur,Kharif,Bajra,BLACK,7.0,3000000.0,3.1,1.07,345.17,849.3,28.55,20.0,0
2021-22,Maharashtra,Nagpur,Kharif,Jowar,RED,6.0,3000000.0,18.47,10.63,575.93,1129.9,26.01,24.0,0
2021-22,Maharashtra,Nanded,Kharif,Jowar,BLACK,7.0,3000000.0,229.51,81.02,353.02,931.3,,,0
2021-22,Maharashtra,Nandurbar,Kharif,Jowar,BLACK,7.0,3000000.0,222.07,314.8,1417.58,832.5,29.34,21.0,0
2021-22,Maharashtra,Nandurbar,Kharif,Bajra,BLACK,7.0,3000000.0,29.86,22.11,740.6,832.5,29.34,21.0,0
2021-22,Maharashtra,Nandurbar,Kharif,Ragi,BLACK,7.0,3000000.0,0.21,0.14,665.53,832.5,29.34,21.0,0
2021-22,Maharashtra,Nashik,Kharif,Jowar,BLACK,7.0,3000000.0,9.96,13.57,1362.23,994.8,27.81,21.0,0
2021-22,Maharashtra,Nashik,Kharif,Bajra,BLACK,7.0,3000000.0,794.07,996.59,1255.04,994.8,27.81,21.0,0
2021-22,Maharashtra,Nashik,Kharif,Ragi,BLACK,7.0,3000000.0,170.86,141.24,826.67,994.8,27.81,21.0,0
2021-22,Maharashtra,Osmanabad,Kharif,Jowar,BLACK,7.0,3000000.0,30.04,9.77,325.27,771.0,28.76,18.0,0
2021-22,Maharashtra,Osmanabad,Kharif,Bajra,BLACK,7.0,3000000.0,26.21,7.3,278.6,771.0,28.76,18.0,0
2021-22,Maharashtra,Palghar,Kharif,Ragi,LATERITE,5.0,4000000.0,105.07,86.79,826.0,3154.7,30.47,29.0,0
2021-22,Maharashtra,Parbhani,Kharif,Jowar,BLACK,7.0,3000000.0,45.46,25.31,556.9,898.7,29.39,19.0,0
2021-22,Maharashtra,Parbhani,Kharif,Bajra,BLACK,7.0,3000000.0,5.36,2.89,539.18,898.7,29.39,19.0,0
2021-22,Maharashtra,Pune,Kharif,Jowar,BLACK,7.0,3000000.0,3.37,1.18,350.0,1032.7,28.55,20.0,0
2021-22,Maharashtra,Pune,Kharif,Bajra,BLACK,7.0,3000000.0,376.36,529.48,1406.83,1032.7,28.55,20.0,0
2021-22,Maharashtra,Pune,Kharif,Ragi,BLACK,7.0,4250000.0,24.15,25.72,1065.05,1032.7,28.55,20.0,0
2021-22,Maharashtra,Raigad,Kharif,Ragi,BLACK,7.0,4250000.0,36.41,51.07,1402.6,3177.7,,,0
2021-22,Maharashtra,Ratnagiri,Kharif,Ragi,LATERITE,5.0,4250000.0,102.36,154.79,1512.14,3412.2,33.24,27.0,0
2021-22,Maharashtra,Sangli,Kharif,Jowar,BLACK,7.0,3000000.0,387.91,416.88,1074.68,673.1,30.92,17.0,0
2021-22,Maharashtra,Sangli,Kharif,Bajra,BLACK,7.0,3000000.0,561.24,493.62,879.52,673.1,30.92,17.0,0
2021-22,Maharashtra,Sangli,Kharif,Ragi,BLACK,7.0,3000000.0,1.25,0.51,405.0,673.1,30.92,17.0,0
2021-22,Maharashtra,Satara,Kharif,Jowar,BLACK,7.0,3000000.0,165.85,203.87,1229.25,1376.2,29.12,18.0,0
2021-22,Maharashtra,Satara,Kharif,Bajra,BLACK,7.0,3000000.0,504.21,411.7,816.53,1376.2,29.12,18.0,0
2021-22,Maharashtra,Satara,Kharif,Ragi,BLACK,7.0,3000000.0,51.83,56.46,1089.42,1376.2,29.12,18.0,0
2021-22,Maharashtra,Sindhudurg,Kharif,Ragi,BLACK,7.0,4250000.0,15.24,28.45,1867.0,2964.2,,,0
2021-22,Maharashtra,Solapur,Kharif,Jowar,BLACK,7.0,3000000.0,0.08,0.04,475.0,614.3,29.79,19.0,0
2021-22,Maharashtra,Solapur,Kharif,Bajra,BLACK,7.0,3000000.0,329.23,148.28,450.38,614.3,29.79,19.0,0
2021-22,Maharashtra,Thane,Kharif,Ragi,LATERITE,5.0,4250000.0,20.82,18.09,868.9,2378.3,28.95,30.0,0
2021-22,Maharashtra,Wardha,Kharif,Jowar,BLACK,7.0,3000000.0,5.27,1.19,225.34,1040.9,29.05,16.0,0
2021-22,Maharashtra,Washim,Kharif,Jowar,BLACK,7.0,3000000.0,7.66,5.4,704.74,896.2,27.6,21.0,0
2021-22,Maharashtra,Yavatmal,Kharif,Jowar,BLACK,7.0,3000000.0,83.91,20.41,243.19,990.8,27.82,18.0,0
2021-22,Maharashtra,Yavatmal,Kharif,Bajra,BLACK,7.0,3000000.0,0.18,0.04,203.0,990.8,27.82,18.0,0
2022-23,Maharashtra,Ahmednagar,Kharif,Jowar,BLACK,7.0,3000000.0,0.33,0.14,410.22,567.2,27.64,20.0,0
2022-23,Maharashtra,Ahmednagar,Kharif,Bajra,BLACK,7.0,3000000.0,879.06,966.96,1100.0,567.2,27.64,20.0,0
2022-23,Maharashtra,Ahmednagar,Kharif,Ragi,BLACK,7.0,3000000.0,0.95,0.43,450.0,567.2,27.64,20.0,0
2022-23,Maharashtra,Akola,Kharif,Jowar,BLACK,7.0,3000000.0,35.89,50.24,1400.0,796.0,28.44,19.0,0
2022-23,Maharashtra,Amravati,Kharif,Jowar,BLACK,7.0,3000000.0,108.45,54.22,500.0,930.9,28.65,17.0,0
2022-23,Maharashtra,Amravati,Kharif,Bajra,BLACK,7.0,3000000.0,0.01,0.003,323.51,930.9,28.65,17.0,0
2022-23,Maharashtra,Aurangabad,Kharif,Jowar,BLACK,7.0,3000000.0,1.1,0.81,735.0,715.0,30.05,42.0,0
2022-23,Maharashtra,Aurangabad,Kharif,Bajra,BLACK,7.0,3000000.0,164.4,182.48,1110.0,715.0,30.05,42.0,0
2022-23,Maharashtra,Beed,Kharif,Jowar,BLACK,7.0,3000000.0,27.12,13.02,480.0,691.0,28.25,22.0,0
2022-23,Maharashtra,Beed,Kharif,Bajra,BLACK,7.0,3000000.0,363.35,323.38,890.0,691.0,28.25,22.0,0
2022-23,Maharashtra,Buldhana,Kharif,Jowar,BLACK,7.0,3000000.0,33.03,32.86,995.0,779.7,26.71,19.0,0
2022-23,Maharashtra,Buldhana,Kharif,Bajra,BLACK,7.0,3000000.0,0.7,0.22,323.51,779.7,26.71,19.0,0
2022-23,Maharashtra,Chandrapur,Kharif,Jowar,RED,6.0,4000000.0,20.88,11.48,550.0,1289.6,31.06,15.0,0
2022-23,Maharashtra,Dhule,Kharif,Jowar,BLACK,7.0,3000000.0,69.48,66.01,950.0,595.8,28.33,23.0,0
2022-23,Maharashtra,Dhule,Kharif,Bajra,BLACK,7.0,3000000.0,369.36,332.42,900.0,595.8,28.33,23.0,0
2022-23,Maharashtra,Dhule,Kharif,Ragi,BLACK,7.0,3000000.0,13.89,11.11,800.0,595.8,28.33,23.0,0
2022-23,Maharashtra,Hingoli,Kharif,Jowar,BLACK,7.0,3000000.0,41.67,10.42,250.0,904.5,29.0,19.0,0
2022-23,Maharashtra,Jalgaon,Kharif,Jowar,BLACK,7.0,3000000.0,227.56,341.34,1500.0,743.8,28.95,20.0,0
2022-23,Maharashtra,Jalgaon,Kharif,Bajra,BLACK,7.0,3000000.0,57.09,45.67,800.0,743.8,28.95,20.0,0
2022-23,Maharashtra,Jalna,Kharif,Jowar,BLACK,7.0,3000000.0,1.85,2.84,1536.0,721.9,28.76,19.0,0
2022-23,Maharashtra,Jalna,Kharif,Bajra,BLACK,7.0,3000000.0,81.41,85.4,1049.0,721.9,28.76,19.0,0
2022-23,Maharashtra,Kolhapur,Kharif,Jowar,BLACK,7.0,4000000.0,8.81,11.45,1300.0,1656.4,31.6,17.0,0
2022-23,Maharashtra,Kolhapur,Kharif,Ragi,BLACK,7.0,4000000.0,160.43,280.75,1750.0,1656.4,31.6,17.0,0
2022-23,Maharashtra,Latur,Kharif,Jowar,BLACK,7.0,3000000.0,63.87,22.67,355.0,849.3,28.55,20.0,0
2022-23,Maharashtra,Latur,Kharif,Bajra,BLACK,7.0,3000000.0,1.65,0.26,160.0,849.3,28.55,20.0,0
2022-23,Maharashtra,Nagpur,Kharif,Jowar,RED,6.0,3000000.0,9.15,5.49,600.0,1129.9,26.01,24.0,0
2022-23,Maharashtra,Nanded,Kharif,Jowar,BLACK,7.0,3000000.0,203.93,338.44,1659.57,931.3,,,0
2022-23,Maharashtra,Nanded,Kharif,Bajra,BLACK,7.0,3000000.0,21.79,17.89,821.1,931.3,,,0
2022-23,Maharashtra,Nanded,Kharif,Ragi,BLACK,7.0,3000000.0,0.15,0.05,330.0,931.3,,,0
2022-23,Maharashtra,Nandurbar,Kharif,Jowar,BLACK,7.0,3000000.0,203.93,338.44,1659.57,832.5,29.34,21.0,0
2022-23,Maharashtra,Nandurbar,Kharif,Bajra,BLACK,7.0,3000000.0,21.79,17.89,821.1,832.5,29.34,21.0,0
2022-23,Maharashtra,Nandurbar,Kharif,Ragi,BLACK,7.0,3000000.0,0.15,0.05,330.0,832.5,29.34,21.0,0
2022-23,Maharashtra,Nashik,Kharif,Jowar,BLACK,7.0,3000000.0,8.68,11.82,1362.0,994.8,27.81,21.0,0
2022-23,Maharashtra,Nashik,Kharif,Bajra,BLACK,7.0,3000000.0,670.52,913.92,1363.0,994.8,27.81,21.0,0
2022-23,Maharashtra,Nashik,Kharif,Ragi,BLACK,7.0,3000000.0,156.67,120.32,768.0,994.8,27.81,21.0,0
2022-23,Maharashtra,Osmanabad,Kharif,Jowar,BLACK,7.0,3000000.0,15.44,11.04,715.0,771.0,28.76,18.0,0
2022-23,Maharashtra,Osmanabad,Kharif,Bajra,BLACK,7.0,3000000.0,6.19,4.18,675.0,771.0,28.76,18.0,0
2022-23,Maharashtra,Palghar,Kharif,Ragi,LATERITE,5.0,4000000.0,109.89,92.31,840.0,3154.7,30.47,29.0,0
2022-23,Maharashtra,Parbhani,Kharif,Jowar,BLACK,7.0,3000000.0,27.23,15.66,575.0,898.7,29.39,19.0,0
2022-23,Maharashtra,Parbhani,Kharif,Bajra,BLACK,7.0,3000000.0,2.23,1.12,500.0,898.7,29.39,19.0,0
2022-23,Maharashtra,Pune,Kharif,Bajra,BLACK,7.0,3000000.0,350.26,332.75,950.0,1032.7,28.55,20.0,0
2022-23,Maharashtra,Pune,Kharif,Ragi,BLACK,7.0,4250000.0,19.07,14.3,750.0,1032.7,28.55,20.0,0
2022-23,Maharashtra,Raigad,Kharif,Ragi,BLACK,7.0,4250000.0,26.89,36.7,1365.0,3177.7,,,0
2022-23,Maharashtra,Ratnagiri,Kharif,Ragi,LATERITE,5.0,4250000.0,91.36,143.07,1566.0,3412.2,33.24,27.0,0
2022-23,Maharashtra,Sangli,Kharif,Jowar,BLACK,7.0,3000000.0,206.11,249.7,1211.5,673.1,30.92,17.0,0
2022-23,Maharashtra,Sangli,Kharif,Bajra,BLACK,7.0,3000000.0,440.67,443.45,1006.3,673.1,30.92,17.0,0
2022-23,Maharashtra,Sangli,Kharif,Ragi,BLACK,7.0,3000000.0,1.3,0.53,405.0,673.1,30.92,17.0,0
2022-23,Maharashtra,Satara,Kharif,Jowar,BLACK,7.0,3000000.0,119.75,137.71,1150.0,1376.2,29.12,18.0,0
2022-23,Maharashtra,Satara,Kharif,Bajra,BLACK,7.0,3000000.0,433.92,347.14,800.0,1376.2,29.12,18.0,0
2022-23,Maharashtra,Satara,Kharif,Ragi,BLACK,7.0,3000000.0,42.54,42.54,1000.0,1376.2,29.12,18.0,0
2022-23,Maharashtra,Sindhudurg,Kharif,Ragi,BLACK,7.0,4250000.0,15.38,21.42,1393.0,2964.2,,,0
2022-23,Maharashtra,Solapur,Kharif,Jowar,BLACK,7.0,3000000.0,0.16,0.09,600.0,614.3,29.79,19.0,0
2022-23,Maharashtra,Solapur,Kharif,Bajra,BLACK,7.0,3000000.0,205.59,123.36,600.0,614.3,29.79,19.0,0
2022-23,Maharashtra,Solapur,Kharif,Ragi,BLACK,7.0,3000000.0,0.01,0.01,750.0,614.3,29.79,19.0,0
2022-23,Maharashtra,Thane,Kharif,Ragi,LATERITE,5.0,4250000.0,27.24,27.24,1000.0,2378.3,28.95,30.0,0
2022-23,Maharashtra,Wardha,Kharif,Jowar,BLACK,7.0,3000000.0,3.03,0.3,100.0,1040.9,29.05,16.0,0
2022-23,Maharashtra,Washim,Kharif,Jowar,BLACK,7.0,3000000.0,2.6,1.3,500.0,896.2,27.6,21.0,0
2022-23,Maharashtra,Yavatmal,Kharif,Jowar,BLACK,7.0,3000000.0,28.1,17.14,610.0,990.8,27.82,18.0,0
2022-23,Maharashtra,Yavatmal,Kharif,Bajra,BLACK,7.0,3000000.0,0.1,0.03,323.51,990.8,27.82,18.0,0
